-- phpMyAdmin SQL Dump
-- version 5.1.1
-- https://www.phpmyadmin.net/
--
-- 主機： 127.0.0.1
-- 產生時間： 2023-09-04 23:12:30
-- 伺服器版本： 10.4.22-MariaDB
-- PHP 版本： 8.0.13

SET SQL_MODE = "NO_AUTO_VALUE_ON_ZERO";
START TRANSACTION;
SET time_zone = "+00:00";


/*!40101 SET @OLD_CHARACTER_SET_CLIENT=@@CHARACTER_SET_CLIENT */;
/*!40101 SET @OLD_CHARACTER_SET_RESULTS=@@CHARACTER_SET_RESULTS */;
/*!40101 SET @OLD_COLLATION_CONNECTION=@@COLLATION_CONNECTION */;
/*!40101 SET NAMES utf8mb4 */;

--
-- 資料庫: `telic-lab`
--

-- --------------------------------------------------------

--
-- 資料表結構 `account`
--

CREATE TABLE `account` (
  `Account` text COLLATE utf8_bin NOT NULL,
  `studentID` text COLLATE utf8_bin NOT NULL,
  `Name` text COLLATE utf8_bin NOT NULL,
  `Password` text COLLATE utf8_bin NOT NULL,
  `Verify` text COLLATE utf8_bin NOT NULL,
  `Notice` text COLLATE utf8_bin NOT NULL
) ENGINE=InnoDB DEFAULT CHARSET=utf8 COLLATE=utf8_bin;

--
-- 傾印資料表的資料 `account`
--

INSERT INTO `account` (`Account`, `studentID`, `Name`, `Password`, `Verify`, `Notice`) VALUES
('admin', 'admin', 'admin', '4fba759fc8ca94b3cd98a4bcdab630d0', 'T', ''),
('student', 'student', 'student', '77bedb59d76eab61087c3ec0997da5ee', 'S', ''),
('user', 'user', 'user', '94a93c55f7a3dfc569ac445268c6567e', 'S', '');

-- --------------------------------------------------------

--
-- 資料表結構 `actionrecord`
--

CREATE TABLE `actionrecord` (
  `_ID` int(11) NOT NULL,
  `Account` text COLLATE utf8_bin NOT NULL,
  `Page` text COLLATE utf8_bin NOT NULL,
  `CodeMode` text COLLATE utf8_bin NOT NULL,
  `FlowOperation` text COLLATE utf8_bin NOT NULL,
  `Time` int(11) NOT NULL,
  `TimeStarp` datetime NOT NULL DEFAULT current_timestamp()
) ENGINE=InnoDB DEFAULT CHARSET=utf8 COLLATE=utf8_bin;

--
-- 傾印資料表的資料 `actionrecord`
--

INSERT INTO `actionrecord` (`_ID`, `Account`, `Page`, `CodeMode`, `FlowOperation`, `Time`, `TimeStarp`) VALUES
(1, 'student', 'C3-1', '程式範例', '程式邏輯分析', 4912, '2023-08-21 22:06:08'),
(2, 'student', 'C3-1', '程式範例', '程式邏輯分析', 1297, '2023-08-21 22:06:29'),
(3, 'student', 'C3-1', '程式模擬', '程式邏輯分析', 1470, '2023-08-21 22:06:31'),
(4, 'student', 'C3-1', '程式模擬', '程式流程圖', 967, '2023-08-21 22:06:32'),
(5, 'student', 'C3-1', '程式範例', '程式流程圖', 720, '2023-08-21 22:06:32'),
(6, 'student', 'C3-1', '程式範例', '程式邏輯分析', 683, '2023-08-21 22:06:33'),
(7, 'student', 'C3-1', '程式模擬', '程式邏輯分析', 14446, '2023-08-21 22:06:47'),
(8, 'student', 'C4-1', '程式範例', '程式邏輯分析', 13947, '2023-08-21 22:09:31'),
(9, 'admin', 'C3-1', '程式範例', '程式邏輯分析', 957, '2023-08-21 22:09:57'),
(10, 'admin', 'C3-1', '程式模擬', '程式邏輯分析', 302, '2023-08-21 22:09:57'),
(11, 'admin', 'C3-1', '程式範例', '程式邏輯分析', 1035, '2023-08-21 22:09:58'),
(12, 'admin', 'C3-1', '程式範例', '程式流程圖', 223, '2023-08-21 22:09:59'),
(13, 'admin', 'C3-1', '程式範例', '程式邏輯分析', 2488, '2023-08-21 22:10:01'),
(14, 'admin', 'C2-1', '程式範例', '程式邏輯分析', 45773, '2023-08-21 22:12:52'),
(15, 'admin', 'C2-2', '程式範例', '程式邏輯分析', 33664, '2023-08-21 22:13:26'),
(16, 'admin', 'C2-2', '程式範例', '程式邏輯分析', 2762, '2023-08-21 22:13:38'),
(17, 'admin', 'C2-2', '程式範例', '程式邏輯分析', 10813, '2023-08-21 22:13:50'),
(18, 'admin', 'C3-1', '程式範例', '程式邏輯分析', 67047, '2023-08-21 22:14:57'),
(19, 'admin', 'C3-1', '程式範例', '程式邏輯分析', 7204, '2023-08-21 22:15:05'),
(20, 'admin', 'C3-1', '程式範例', '程式邏輯分析', 79630, '2023-08-21 22:16:26'),
(21, 'admin', 'C3-1', '程式範例', '程式邏輯分析', 5012, '2023-08-21 22:16:32'),
(22, 'admin', 'C2-1', '程式範例', '程式邏輯分析', 10730, '2023-08-21 22:16:43'),
(23, 'admin', 'C3-1', '程式範例', '程式邏輯分析', 157437, '2023-08-21 22:19:21'),
(24, 'admin', 'C3-1', '程式範例', '程式流程圖', 80959, '2023-08-21 22:20:42'),
(25, 'admin', 'C3-1', '程式範例', '程式邏輯分析', 31336, '2023-08-21 22:21:14'),
(26, 'admin', 'C3-1', '程式範例', '程式邏輯分析', 65441, '2023-08-21 22:22:20'),
(27, 'admin', 'C3-1', '程式範例', '程式流程圖', 393, '2023-08-21 22:22:20'),
(28, 'admin', 'C3-1', '程式範例', '程式邏輯分析', 303, '2023-08-21 22:22:20'),
(29, 'admin', 'C3-1', '程式範例', '程式流程圖', 262, '2023-08-21 22:22:21'),
(30, 'admin', 'C3-1', '程式範例', '程式邏輯分析', 1191, '2023-08-21 22:22:22'),
(31, 'admin', 'C3-1', '程式模擬', '程式邏輯分析', 104531, '2023-08-21 22:24:06'),
(32, 'admin', 'C4-1', '程式範例', '程式邏輯分析', 92267, '2023-08-21 22:25:40'),
(33, 'admin', 'C4-1', '程式模擬', '程式邏輯分析', 1618, '2023-08-21 22:25:41'),
(34, 'admin', 'C4-1', '程式模擬', '程式流程圖', 6662, '2023-08-21 22:25:48'),
(35, 'admin', 'C3-1', '程式範例', '程式邏輯分析', 1460, '2023-08-21 22:25:51'),
(36, 'admin', 'C3-1', '程式模擬', '程式邏輯分析', 1676, '2023-08-21 22:25:52'),
(37, 'admin', 'C3-1', '程式模擬', '程式流程圖', 321083, '2023-08-21 22:31:13'),
(38, 'admin', 'C2-1', '程式範例', '程式邏輯分析', 979, '2023-08-21 22:31:15'),
(39, 'admin', 'C2-1', '程式範例', '程式流程圖', 2446, '2023-08-21 22:31:17'),
(40, 'admin', 'C2-1', '程式模擬', '程式流程圖', 33766, '2023-08-21 22:31:51'),
(41, 'admin', 'C2-1', '程式範例', '程式邏輯分析', 1998, '2023-08-21 22:31:54'),
(42, 'admin', 'C2-1', '程式模擬', '程式邏輯分析', 1924, '2023-08-21 22:31:56'),
(43, 'admin', 'C2-1', '程式模擬', '程式流程圖', 388, '2023-08-21 22:31:56'),
(44, 'admin', 'C2-1', '程式模擬', '程式邏輯分析', 97613, '2023-08-21 22:33:34'),
(45, 'admin', 'C2-2', '程式範例', '程式邏輯分析', 1215891, '2023-08-21 22:33:44'),
(46, 'admin', 'C2-1', '程式範例', '程式邏輯分析', 952, '2023-08-21 22:33:51'),
(47, 'admin', 'C2-1', '程式模擬', '程式邏輯分析', 2389, '2023-08-21 22:33:53'),
(48, 'admin', 'C2-1', '程式範例', '程式邏輯分析', 41682, '2023-08-21 22:34:35'),
(49, 'admin', 'C2-1', '程式範例', '程式流程圖', 1276, '2023-08-21 22:34:36'),
(50, 'admin', 'C3-1', '程式範例', '程式邏輯分析', 487, '2023-08-21 22:34:38'),
(51, 'admin', 'C3-1', '程式範例', '程式流程圖', 324533, '2023-08-21 22:40:02'),
(52, 'admin', 'C2-1', '程式範例', '程式邏輯分析', 1181, '2023-08-21 22:40:04'),
(53, 'admin', 'C2-1', '程式範例', '程式邏輯分析', 764, '2023-08-21 22:40:05'),
(54, 'admin', 'C2-1', '程式範例', '程式流程圖', 3775, '2023-08-21 22:40:09'),
(55, 'admin', 'C2-1', '程式模擬', '程式流程圖', 187820, '2023-08-21 22:43:17'),
(56, 'admin', 'C2-1', '程式範例', '程式邏輯分析', 507, '2023-08-21 22:43:18'),
(57, 'admin', 'C2-1', '程式範例', '程式流程圖', 963, '2023-08-21 22:43:19'),
(58, 'admin', 'C2-1', '程式模擬', '程式流程圖', 1520, '2023-08-21 22:43:21'),
(59, 'admin', 'C2-1', '程式範例', '程式流程圖', 3402, '2023-08-21 22:43:24'),
(60, 'admin', 'C2-1', '程式模擬', '程式流程圖', 34421, '2023-08-21 22:43:58'),
(61, 'admin', 'C2-1', '程式範例', '程式邏輯分析', 889, '2023-08-21 22:44:00'),
(62, 'admin', 'C2-1', '程式模擬', '程式邏輯分析', 4242, '2023-08-21 22:44:04'),
(63, 'admin', 'C2-1', '程式範例', '程式邏輯分析', 1048, '2023-08-21 22:44:13'),
(64, 'admin', 'C2-1', '程式模擬', '程式邏輯分析', 1702, '2023-08-21 22:44:15'),
(65, 'admin', 'C2-1', '程式模擬', '程式流程圖', 36689, '2023-08-21 22:44:51'),
(66, 'admin', 'C2-1', '程式範例', '程式邏輯分析', 1065, '2023-08-21 22:44:53'),
(67, 'admin', 'C2-1', '程式模擬', '程式邏輯分析', 36038, '2023-08-21 22:45:29'),
(68, 'admin', 'C2-1', '程式範例', '程式邏輯分析', 738, '2023-08-21 22:45:30'),
(69, 'admin', 'C2-1', '程式模擬', '程式邏輯分析', 14591, '2023-08-21 22:45:45'),
(70, 'admin', 'C2-1', '程式模擬', '程式流程圖', 6618, '2023-08-21 22:45:51'),
(71, 'admin', 'C2-1', '程式範例', '程式流程圖', 418, '2023-08-21 22:45:52'),
(72, 'admin', 'C2-1', '程式模擬', '程式流程圖', 1644, '2023-08-21 22:45:53'),
(73, 'admin', 'C2-1', '程式範例', '程式流程圖', 3975, '2023-08-21 22:45:57'),
(74, 'admin', 'C2-1', '程式模擬', '程式流程圖', 12643, '2023-08-21 22:46:10'),
(75, 'admin', 'C2-1', '程式模擬', '程式邏輯分析', 19458, '2023-08-21 22:46:29'),
(76, 'admin', 'C2-1', '程式範例', '程式邏輯分析', 835, '2023-08-21 22:46:30'),
(77, 'admin', 'C2-1', '程式模擬', '程式邏輯分析', 109322, '2023-08-21 22:48:20'),
(78, 'admin', 'C2-1', '程式模擬', '程式邏輯分析', 3943, '2023-08-21 22:48:24'),
(79, 'admin', 'C2-1', '程式模擬', '程式流程圖', 514, '2023-08-21 22:48:24'),
(80, 'admin', 'C2-1', '程式模擬', '程式邏輯分析', 9337, '2023-08-21 22:48:34'),
(81, 'admin', 'C2-1', '程式範例', '程式邏輯分析', 396, '2023-08-21 22:48:34'),
(82, 'admin', 'C2-1', '程式範例', '程式流程圖', 761, '2023-08-21 22:48:35'),
(83, 'admin', 'C2-1', '程式模擬', '程式流程圖', 2727, '2023-08-21 22:48:38'),
(84, 'admin', 'C2-1', '程式範例', '程式流程圖', 7778, '2023-08-21 22:48:46'),
(85, 'admin', 'C2-1', '程式範例', '程式流程圖', 1747, '2023-08-21 22:48:47'),
(86, 'admin', 'C2-1', '程式範例', '程式邏輯分析', 1417, '2023-08-21 22:48:50'),
(87, 'admin', 'C4-1', '程式範例', '程式邏輯分析', 1752, '2023-08-21 22:48:53'),
(88, 'admin', 'C4-1', '程式範例', '程式流程圖', 61222, '2023-08-21 22:49:54'),
(89, 'admin', 'C4-1', '程式範例', '程式邏輯分析', 845, '2023-08-21 22:49:55'),
(90, 'admin', 'C4-1', '程式範例', '程式流程圖', 66425, '2023-08-21 22:51:02'),
(91, 'admin', 'C3-1', '程式範例', '程式邏輯分析', 5253, '2023-08-21 22:51:15'),
(92, 'admin', 'C3-1', '程式範例', '程式流程圖', 66576, '2023-08-21 22:52:22'),
(93, 'admin', 'C3-1', '程式範例', '程式邏輯分析', 755, '2023-08-21 22:52:23'),
(94, 'admin', 'C3-1', '程式範例', '程式流程圖', 6375, '2023-08-21 22:52:29'),
(95, 'admin', 'C3-1', '程式範例', '程式邏輯分析', 21428, '2023-08-21 22:52:51'),
(96, 'admin', 'C3-1', '程式範例', '程式邏輯分析', 5454, '2023-08-21 22:52:56'),
(97, 'admin', 'C3-1', '程式模擬', '程式邏輯分析', 49249, '2023-08-21 22:53:46'),
(98, 'admin', 'C3-1', '程式範例', '程式邏輯分析', 856, '2023-08-21 22:53:47'),
(99, 'admin', 'C3-1', '程式模擬', '程式邏輯分析', 9316, '2023-08-21 22:53:56'),
(100, 'admin', 'C3-1', '程式範例', '程式邏輯分析', 705, '2023-08-21 22:54:05'),
(101, 'admin', 'C3-1', '程式模擬', '程式邏輯分析', 16485, '2023-08-21 22:54:21'),
(102, 'admin', 'C3-1', '程式範例', '程式邏輯分析', 313, '2023-08-21 22:54:22'),
(103, 'admin', 'C3-1', '程式模擬', '程式邏輯分析', 31203, '2023-08-21 22:54:53'),
(104, 'admin', 'C3-1', '程式範例', '程式邏輯分析', 1095, '2023-08-21 22:54:54'),
(105, 'admin', 'C3-1', '程式模擬', '程式邏輯分析', 1373, '2023-08-21 22:54:56'),
(106, 'admin', 'C3-1', '程式模擬', '程式流程圖', 21909, '2023-08-21 22:55:18'),
(107, 'admin', 'C3-1', '程式模擬', '程式流程圖', 1426, '2023-08-21 22:55:19'),
(108, 'admin', 'C4-1', '程式範例', '程式邏輯分析', 1032, '2023-08-21 22:55:21'),
(109, 'admin', 'C4-1', '程式範例', '程式流程圖', 5335, '2023-08-21 22:55:26'),
(110, 'admin', 'C4-1', '程式模擬', '程式流程圖', 37759, '2023-08-21 22:56:04'),
(111, 'admin', 'C4-1', '程式範例', '程式邏輯分析', 761, '2023-08-21 22:56:05'),
(112, 'admin', 'C4-1', '程式範例', '程式流程圖', 570, '2023-08-21 22:56:06'),
(113, 'admin', 'C4-1', '程式模擬', '程式流程圖', 28302, '2023-08-21 22:56:34'),
(114, 'admin', 'C4-1', '程式範例', '程式邏輯分析', 565, '2023-08-21 22:56:35'),
(115, 'admin', 'C4-1', '程式模擬', '程式邏輯分析', 2133, '2023-08-21 22:56:37'),
(116, 'admin', 'C4-1', '程式範例', '程式邏輯分析', 647, '2023-08-21 22:56:46'),
(117, 'admin', 'C4-1', '程式模擬', '程式邏輯分析', 2572, '2023-08-21 22:56:49'),
(118, 'admin', 'C4-1', '程式模擬', '程式流程圖', 35897, '2023-08-21 22:57:25'),
(119, 'admin', 'C4-1', '程式模擬', '程式流程圖', 3258, '2023-08-21 22:57:28'),
(120, 'admin', 'C4-1', '程式模擬', '程式邏輯分析', 810, '2023-08-21 22:57:29'),
(121, 'admin', 'C4-1', '程式範例', '程式邏輯分析', 2986, '2023-08-21 22:57:32'),
(122, 'admin', 'C2-1', '程式範例', '程式邏輯分析', 602, '2023-08-21 22:57:33'),
(123, 'admin', 'C2-1', '程式模擬', '程式邏輯分析', 497, '2023-08-21 22:57:34'),
(124, 'admin', 'C2-1', '程式範例', '程式邏輯分析', 9596, '2023-08-21 22:57:43'),
(125, 'admin', 'C2-1', '程式範例', '程式流程圖', 1423, '2023-08-21 22:57:45'),
(126, 'admin', 'C2-1', '程式模擬', '程式流程圖', 6551, '2023-08-21 22:57:51'),
(127, 'admin', 'C2-1', '程式範例', '程式流程圖', 48741, '2023-08-21 22:58:40'),
(128, 'admin', 'C2-1', '程式範例', '程式邏輯分析', 16868, '2023-08-21 22:58:58'),
(129, 'admin', 'C2-1', '程式範例', '程式邏輯分析', 22687, '2023-08-21 22:59:21'),
(130, 'admin', 'C2-1', '程式範例', '程式邏輯分析', 3996, '2023-08-21 22:59:25'),
(131, 'admin', 'C2-1', '程式模擬', '程式邏輯分析', 2576, '2023-08-21 22:59:27'),
(132, 'admin', 'C2-1', '程式模擬', '程式流程圖', 62628, '2023-08-21 23:00:30'),
(133, 'admin', 'C3-1', '程式範例', '程式邏輯分析', 3498, '2023-08-28 12:05:18'),
(134, 'admin', 'C3-1', '程式範例', '程式邏輯分析', 1785, '2023-08-28 12:05:19'),
(135, 'admin', 'C4-1', '程式範例', '程式邏輯分析', 16971, '2023-08-28 12:05:38'),
(136, 'admin', 'C4-1', '程式範例', '程式邏輯分析', 33555, '2023-08-28 13:02:08'),
(137, 'admin', 'C4-1', '程式範例', '程式邏輯分析', 22403, '2023-08-28 13:02:31'),
(138, 'admin', 'C4-1', '程式範例', '程式邏輯分析', 48842, '2023-08-28 13:03:20'),
(139, 'admin', 'C4-1', '程式範例', '程式邏輯分析', 1045, '2023-08-28 13:03:21'),
(140, 'admin', 'C4-1', '程式範例', '程式邏輯分析', 4128, '2023-08-28 13:03:26'),
(141, 'admin', 'C4-1', '程式範例', '程式邏輯分析', 14644, '2023-08-28 13:03:47'),
(142, 'admin', 'C4-1', '程式範例', '程式邏輯分析', 499339, '2023-08-28 13:12:07'),
(143, 'admin', 'C4-1', '程式範例', '程式邏輯分析', 12819, '2023-08-28 13:12:21'),
(144, 'admin', 'C4-1', '程式範例', '程式邏輯分析', 1253, '2023-08-28 13:12:22'),
(145, 'admin', 'C4-1', '程式範例', '程式邏輯分析', 10943, '2023-08-28 13:12:34'),
(146, 'admin', 'C4-1', '程式範例', '程式邏輯分析', 3117, '2023-08-28 13:12:38'),
(147, 'admin', 'C4-1', '程式範例', '程式邏輯分析', 73411, '2023-08-28 13:13:59'),
(148, 'admin', 'C4-1', '程式範例', '程式邏輯分析', 39882, '2023-08-28 13:14:40'),
(149, 'admin', 'C4-1', '程式範例', '程式邏輯分析', 22884, '2023-08-28 13:15:04'),
(150, 'admin', 'C4-1', '程式範例', '程式邏輯分析', 30260, '2023-08-28 13:15:35'),
(151, 'admin', 'C4-1', '程式範例', '程式邏輯分析', 18881, '2023-08-28 13:15:55'),
(152, 'admin', 'C4-1', '程式範例', '程式邏輯分析', 13898, '2023-08-28 13:16:10'),
(153, 'admin', 'C4-1', '程式範例', '程式邏輯分析', 5985, '2023-08-28 13:16:17'),
(154, 'admin', 'C4-1', '程式範例', '程式邏輯分析', 10706, '2023-08-28 13:16:29'),
(155, 'admin', 'C4-1', '程式範例', '程式邏輯分析', 3517, '2023-08-28 13:16:34'),
(156, 'admin', 'C4-1', '程式範例', '程式邏輯分析', 1162701, '2023-08-28 13:35:57'),
(157, 'admin', 'C4-1', '程式範例', '程式邏輯分析', 10762, '2023-08-28 13:36:09'),
(158, 'admin', 'C4-1', '程式範例', '程式邏輯分析', 23711, '2023-08-28 13:36:35'),
(159, 'admin', 'C4-1', '程式範例', '程式邏輯分析', 12186, '2023-08-28 13:36:48'),
(160, 'admin', 'C4-1', '程式範例', '程式邏輯分析', 3073, '2023-08-28 13:36:52'),
(161, 'admin', 'C4-1', '程式範例', '程式邏輯分析', 10863, '2023-08-28 13:37:15'),
(162, 'admin', 'C4-1', '程式範例', '程式邏輯分析', 10606, '2023-08-28 13:37:27'),
(163, 'admin', 'C4-1', '程式範例', '程式邏輯分析', 39550, '2023-08-28 13:38:07'),
(164, 'admin', 'C4-1', '程式範例', '程式邏輯分析', 1874706, '2023-08-28 14:09:23'),
(165, 'admin', 'C4-1', '程式範例', '程式邏輯分析', 1508, '2023-08-28 14:09:25'),
(166, 'admin', 'C3-1', '程式範例', '程式邏輯分析', 2254, '2023-08-28 14:09:28'),
(167, 'admin', 'C3-1', '程式範例', '程式邏輯分析', 2219, '2023-08-28 14:42:22'),
(168, 'admin', 'C3-1', '程式範例', '程式邏輯分析', 1892, '2023-08-28 14:42:25'),
(169, 'admin', 'C3-1', '程式範例', '程式邏輯分析', 183721, '2023-08-28 14:51:17'),
(170, 'admin', 'C4-1', '程式範例', '程式邏輯分析', 30056, '2023-08-28 15:05:19'),
(171, 'admin', 'C4-1', '程式範例', '程式流程圖', 1550, '2023-08-28 15:05:21'),
(172, 'admin', 'C4-1', '程式範例', '程式邏輯分析', 169257, '2023-08-28 15:08:10'),
(173, 'admin', 'C4-1', '程式範例', '程式邏輯分析', 1144, '2023-08-28 15:08:12'),
(174, 'admin', 'C4-1', '程式範例', '程式邏輯分析', 62062, '2023-08-28 15:14:05'),
(175, 'admin', 'C4-1', '程式範例', '程式邏輯分析', 13990, '2023-08-28 15:14:20'),
(176, 'admin', 'C4-1', '程式範例', '程式邏輯分析', 5721, '2023-08-28 15:14:27'),
(177, 'admin', 'C4-1', '程式範例', '程式邏輯分析', 5884, '2023-08-28 15:14:33'),
(178, 'admin', 'C3-1', '程式範例', '程式邏輯分析', 2416, '2023-08-28 15:15:52'),
(179, 'admin', 'C4-1', '程式範例', '程式邏輯分析', 69708, '2023-08-28 15:17:03'),
(180, 'admin', 'C4-1', '程式範例', '程式邏輯分析', 10424, '2023-08-28 15:17:14'),
(181, 'admin', 'C4-1', '程式範例', '程式邏輯分析', 7630, '2023-08-28 15:17:22'),
(182, 'admin', 'C4-1', '程式範例', '程式邏輯分析', 9298, '2023-08-28 15:17:32'),
(183, 'admin', 'C4-1', '程式範例', '程式邏輯分析', 5132, '2023-08-28 15:17:38'),
(184, 'admin', 'C4-1', '程式範例', '程式邏輯分析', 6298, '2023-08-28 15:17:45'),
(185, 'admin', 'C4-1', '程式範例', '程式邏輯分析', 5018, '2023-08-28 15:17:51'),
(186, 'admin', 'C4-1', '程式範例', '程式邏輯分析', 5172, '2023-08-28 15:17:57'),
(187, 'admin', 'C4-1', '程式範例', '程式邏輯分析', 4686, '2023-08-28 15:18:02'),
(188, 'admin', 'C4-1', '程式範例', '程式邏輯分析', 23975, '2023-08-28 15:18:27'),
(189, 'admin', 'C4-1', '程式範例', '程式邏輯分析', 2743, '2023-08-28 15:18:30'),
(190, 'admin', 'C4-1', '程式範例', '程式邏輯分析', 4741, '2023-08-28 15:18:47'),
(191, 'admin', 'C4-1', '程式範例', '程式邏輯分析', 110071, '2023-08-29 12:40:12'),
(192, 'admin', 'C4-1', '程式範例', '程式邏輯分析', 10222, '2023-08-29 12:40:23'),
(193, 'admin', 'C4-1', '程式範例', '程式邏輯分析', 2194749, '2023-08-29 13:16:58'),
(194, 'admin', 'C2-1', '程式範例', '程式邏輯分析', 96132, '2023-08-29 13:18:35'),
(195, 'admin', 'C2-1', '程式範例', '程式邏輯分析', 715, '2023-08-29 13:18:35'),
(196, 'admin', 'C3-1', '程式範例', '程式邏輯分析', 44067, '2023-08-29 13:19:20'),
(197, 'admin', 'C2-1', '程式範例', '程式邏輯分析', 1119, '2023-08-29 14:08:16'),
(198, 'admin', 'C2-1', '程式範例', '程式邏輯分析', 40609, '2023-08-29 14:08:57'),
(199, 'admin', 'C2-1', '程式範例', '程式邏輯分析', 2683, '2023-08-29 14:09:01'),
(200, 'admin', 'C2-3', '程式範例', '程式邏輯分析', 25876, '2023-08-29 14:09:28'),
(201, 'admin', 'C2-3', '程式範例', '程式邏輯分析', 14112, '2023-08-29 14:09:43'),
(202, 'admin', 'C2-3', '程式範例', '程式邏輯分析', 37227, '2023-08-29 14:10:21'),
(203, 'admin', 'C2-3', '程式範例', '程式邏輯分析', 832, '2023-08-29 14:10:23'),
(204, 'admin', 'C2-3', '程式範例', '程式邏輯分析', 658, '2023-08-29 14:10:24'),
(205, 'admin', 'C4-1', '程式範例', '程式邏輯分析', 1294, '2023-08-29 14:10:27'),
(206, 'admin', 'C4-2', '程式範例', '程式邏輯分析', 3418, '2023-08-29 14:10:31'),
(207, 'admin', 'C4-3', '程式範例', '程式邏輯分析', 1542, '2023-08-29 14:10:35'),
(208, 'admin', 'C3-2', '程式範例', '程式邏輯分析', 1694, '2023-08-29 14:10:37'),
(209, 'admin', 'C3-3', '程式範例', '程式邏輯分析', 1611, '2023-08-29 14:10:39'),
(210, 'admin', 'C2-1', '程式範例', '程式邏輯分析', 1917, '2023-08-29 14:10:42'),
(211, 'admin', 'C2-2', '程式範例', '程式邏輯分析', 3312747, '2023-08-29 15:05:55'),
(212, 'admin', 'C2-3', '程式範例', '程式邏輯分析', 6594, '2023-08-29 15:06:03'),
(213, 'admin', 'C2-3', '程式模擬', '程式邏輯分析', 842511, '2023-08-29 15:20:05'),
(214, 'admin', 'C2-1', '程式範例', '程式邏輯分析', 685441, '2023-08-29 15:31:32'),
(215, 'admin', 'C2-1', '程式範例', '程式邏輯分析', 152529, '2023-08-29 15:34:05'),
(216, 'admin', 'C2-1', '程式範例', '程式邏輯分析', 7980, '2023-08-29 15:34:14'),
(217, 'admin', 'C2-1', '程式範例', '程式邏輯分析', 113604, '2023-08-29 15:36:09'),
(218, 'admin', 'C2-1', '程式範例', '程式邏輯分析', 11230, '2023-08-29 15:36:21'),
(219, 'admin', 'C2-1', '程式範例', '程式邏輯分析', 106942, '2023-08-29 15:38:09'),
(220, 'admin', 'C2-1', '程式範例', '程式邏輯分析', 12719, '2023-08-29 15:38:23'),
(221, 'admin', 'C2-1', '程式範例', '程式邏輯分析', 18462, '2023-08-29 15:38:42'),
(222, 'admin', 'C2-1', '程式範例', '程式流程圖', 3068, '2023-08-29 15:38:45'),
(223, 'admin', 'C2-1', '程式模擬', '程式流程圖', 1431584, '2023-08-29 16:02:37'),
(224, 'admin', 'C2-1', '程式範例', '程式邏輯分析', 2525, '2023-08-29 16:02:40'),
(225, 'admin', 'C2-1', '程式範例', '程式邏輯分析', 950, '2023-08-29 16:02:55'),
(226, 'admin', 'C2-1', '程式模擬', '程式邏輯分析', 34488, '2023-08-29 16:03:29'),
(227, 'admin', 'C2-1', '程式範例', '程式邏輯分析', 3939, '2023-08-29 16:03:33'),
(228, 'admin', 'C2-1', '程式模擬', '程式邏輯分析', 24886, '2023-08-29 16:03:58'),
(229, 'admin', 'C2-1', '程式範例', '程式邏輯分析', 793, '2023-08-29 16:03:59'),
(230, 'admin', 'C2-1', '程式模擬', '程式邏輯分析', 57532, '2023-08-29 16:04:57'),
(231, 'admin', 'C2-1', '程式範例', '程式邏輯分析', 1507, '2023-08-29 16:04:59'),
(232, 'admin', 'C2-1', '程式模擬', '程式邏輯分析', 7020, '2023-08-29 16:05:06'),
(233, 'admin', 'C2-1', '程式範例', '程式邏輯分析', 77539, '2023-08-29 16:06:23'),
(234, 'admin', 'C2-1', '程式範例', '程式邏輯分析', 2234, '2023-08-29 16:06:26'),
(235, 'admin', 'C2-1', '程式模擬', '程式邏輯分析', 7165, '2023-08-29 16:06:33'),
(236, 'admin', 'C2-1', '程式範例', '程式邏輯分析', 923, '2023-08-29 16:06:34'),
(237, 'admin', 'C2-1', '程式模擬', '程式邏輯分析', 254241, '2023-08-29 16:10:48'),
(238, 'admin', 'C2-1', '程式範例', '程式邏輯分析', 4965, '2023-08-29 16:10:54'),
(239, 'admin', 'C2-1', '程式範例', '程式邏輯分析', 7448, '2023-08-29 16:11:02'),
(240, 'admin', 'C2-1', '程式範例', '程式流程圖', 324, '2023-08-29 16:11:02'),
(241, 'admin', 'C2-1', '程式範例', '程式邏輯分析', 3107, '2023-08-29 16:11:05'),
(242, 'admin', 'C2-1', '程式模擬', '程式邏輯分析', 38001, '2023-08-29 16:11:43'),
(243, 'admin', 'C2-1', '程式範例', '程式邏輯分析', 16167, '2023-08-29 16:11:59'),
(244, 'admin', 'C2-1', '程式範例', '程式邏輯分析', 4613, '2023-08-29 16:12:04'),
(245, 'admin', 'C2-1', '程式模擬', '程式邏輯分析', 2303, '2023-08-29 16:12:06'),
(246, 'admin', 'C2-1', '程式模擬', '程式流程圖', 299, '2023-08-29 16:12:07'),
(247, 'admin', 'C2-1', '程式模擬', '程式邏輯分析', 48326, '2023-08-29 16:12:55'),
(248, 'admin', 'C2-2', '程式範例', '程式邏輯分析', 13042, '2023-08-29 16:13:08'),
(249, 'admin', 'C2-2', '程式範例', '程式邏輯分析', 60339, '2023-08-29 16:14:09'),
(250, 'admin', 'C2-1', '程式模擬', '程式邏輯分析', 855459, '2023-08-29 16:16:56'),
(251, 'admin', 'C2-2', '程式範例', '程式邏輯分析', 192686, '2023-08-29 16:17:22'),
(252, 'admin', 'C2-2', '程式範例', '程式邏輯分析', 34987, '2023-08-29 16:17:57'),
(253, 'admin', 'C2-2', '程式範例', '程式邏輯分析', 3776, '2023-08-29 16:18:01'),
(254, 'admin', 'C2-2', '程式模擬', '程式邏輯分析', 44084, '2023-08-29 16:18:45'),
(255, 'admin', 'C2-2', '程式範例', '程式邏輯分析', 961, '2023-08-29 16:18:47'),
(256, 'admin', 'C2-2', '程式模擬', '程式邏輯分析', 17903, '2023-08-29 16:19:05'),
(257, 'admin', 'C2-2', '程式模擬', '程式流程圖', 641, '2023-08-29 16:19:06'),
(258, 'admin', 'C2-2', '程式模擬', '程式邏輯分析', 4386, '2023-08-29 16:19:10'),
(259, 'admin', 'C2-3', '程式範例', '程式邏輯分析', 658, '2023-08-29 16:19:11'),
(260, 'admin', 'C2-3', '程式模擬', '程式邏輯分析', 11343, '2023-08-29 16:19:23'),
(261, 'admin', 'C3-1', '程式範例', '程式邏輯分析', 4845, '2023-08-29 16:19:28'),
(262, 'admin', 'C3-1', '程式模擬', '程式邏輯分析', 20734, '2023-08-29 16:19:48'),
(263, 'admin', 'C4-1', '程式範例', '程式邏輯分析', 2001, '2023-08-29 16:19:51'),
(264, 'admin', 'C4-1', '程式模擬', '程式邏輯分析', 3817552, '2023-08-29 17:23:28'),
(265, 'admin', 'C2-1', '程式範例', '程式邏輯分析', 2442, '2023-08-29 17:24:54'),
(266, 'admin', 'C2-1', '程式模擬', '程式邏輯分析', 57020, '2023-08-29 17:25:51'),
(267, 'admin', 'C2-1', '程式範例', '程式邏輯分析', 619, '2023-08-29 17:25:52'),
(268, 'admin', 'C2-1', '程式模擬', '程式邏輯分析', 16445, '2023-08-29 17:26:09'),
(269, 'admin', 'C2-1', '程式範例', '程式邏輯分析', 3551, '2023-08-29 17:26:12'),
(270, 'admin', 'C2-1', '程式模擬', '程式邏輯分析', 48914, '2023-08-29 17:27:01'),
(271, 'admin', 'C2-1', '程式範例', '程式邏輯分析', 968, '2023-08-29 17:27:07'),
(272, 'admin', 'C2-1', '程式模擬', '程式邏輯分析', 12217, '2023-08-29 17:27:19'),
(273, 'admin', 'C2-2', '程式範例', '程式邏輯分析', 2337, '2023-08-29 17:27:22'),
(274, 'admin', 'C2-2', '程式模擬', '程式邏輯分析', 11096, '2023-08-29 17:27:33'),
(275, 'admin', 'C2-3', '程式範例', '程式邏輯分析', 2293, '2023-08-29 17:27:36'),
(276, 'admin', 'C2-3', '程式模擬', '程式邏輯分析', 10309, '2023-08-29 17:27:46'),
(277, 'admin', 'C3-1', '程式範例', '程式邏輯分析', 1933, '2023-08-29 17:27:48'),
(278, 'admin', 'C3-1', '程式範例', '程式邏輯分析', 2030, '2023-08-29 17:27:56'),
(279, 'admin', 'C3-1', '程式模擬', '程式邏輯分析', 7555, '2023-08-29 17:28:03'),
(280, 'admin', 'C4-1', '程式範例', '程式邏輯分析', 5631, '2023-08-29 17:28:18'),
(281, 'admin', 'C4-1', '程式模擬', '程式邏輯分析', 5275, '2023-08-29 17:28:23'),
(282, 'admin', 'C4-1', '程式模擬', '程式邏輯分析', 768, '2023-08-29 17:28:24'),
(283, 'admin', 'C4-2', '程式範例', '程式邏輯分析', 1343, '2023-08-29 17:28:25'),
(284, 'admin', 'C4-3', '程式範例', '程式邏輯分析', 1498, '2023-08-29 17:28:27'),
(285, 'admin', 'C2-2', '程式範例', '程式邏輯分析', 1597, '2023-08-29 17:28:29'),
(286, 'admin', 'C3-2', '程式範例', '程式邏輯分析', 1628, '2023-08-29 17:28:31'),
(287, 'admin', 'C3-3', '程式範例', '程式邏輯分析', 403399, '2023-08-29 17:35:15'),
(288, 'admin', 'C3-3', '程式範例', '程式邏輯分析', 1740, '2023-08-29 17:35:17'),
(289, 'admin', 'C4-1', '程式範例', '程式邏輯分析', 185234, '2023-08-29 17:38:23'),
(290, 'admin', 'C2-1', '程式範例', '程式邏輯分析', 211268, '2023-08-29 17:41:55'),
(291, 'admin', 'C2-1', '程式範例', '程式邏輯分析', 29779, '2023-08-29 17:42:26'),
(292, 'admin', 'C2-1', '程式範例', '程式邏輯分析', 14852, '2023-08-29 17:42:42'),
(293, 'admin', 'C2-1', '程式範例', '程式邏輯分析', 32458, '2023-08-29 17:43:15'),
(294, 'admin', 'C2-1', '程式範例', '程式邏輯分析', 30856, '2023-08-29 17:43:47'),
(295, 'admin', 'C2-1', '程式範例', '程式邏輯分析', 14440, '2023-08-29 17:44:02'),
(296, 'admin', 'C2-1', '程式範例', '程式邏輯分析', 13529, '2023-08-29 17:44:17'),
(297, 'admin', 'C2-1', '程式範例', '程式邏輯分析', 5144, '2023-08-29 17:44:23'),
(298, 'admin', 'C2-1', '程式範例', '程式邏輯分析', 13636, '2023-08-29 17:44:38'),
(299, 'admin', 'C2-1', '程式範例', '程式邏輯分析', 630495, '2023-08-29 17:55:09'),
(300, 'admin', 'C2-1', '程式範例', '程式邏輯分析', 201891, '2023-08-29 17:58:32'),
(301, 'admin', 'C2-1', '程式範例', '程式邏輯分析', 7316, '2023-08-29 17:58:40'),
(302, 'admin', 'C2-1', '程式範例', '程式邏輯分析', 4813, '2023-08-29 17:58:54'),
(303, 'admin', 'C3-1', '程式範例', '程式邏輯分析', 29874, '2023-08-29 17:59:26'),
(304, 'admin', 'C3-1', '程式範例', '程式邏輯分析', 21744, '2023-08-29 17:59:48'),
(305, 'admin', 'C3-1', '程式範例', '程式邏輯分析', 50130, '2023-08-29 18:00:39'),
(306, 'admin', 'C3-1', '程式範例', '程式流程圖', 270, '2023-08-29 18:00:39'),
(307, 'admin', 'C3-1', '程式範例', '程式邏輯分析', 24136, '2023-08-29 18:01:03'),
(308, 'admin', 'C3-1', '程式範例', '程式邏輯分析', 200325, '2023-08-29 18:04:34'),
(309, 'admin', 'C3-1', '程式範例', '程式邏輯分析', 350808, '2023-08-29 18:10:26'),
(310, 'admin', 'C3-1', '程式範例', '程式邏輯分析', 2154, '2023-08-29 18:10:29'),
(311, 'admin', 'C3-1', '程式範例', '程式流程圖', 11814, '2023-08-29 18:10:41'),
(312, 'admin', 'C2-1', '程式範例', '程式邏輯分析', 25461, '2023-08-29 18:11:07'),
(313, 'admin', 'C2-1', '程式範例', '程式邏輯分析', 16588, '2023-08-29 18:11:24'),
(314, 'admin', 'C2-1', '程式範例', '程式邏輯分析', 2808, '2023-08-29 18:11:28'),
(315, 'admin', 'C2-1', '程式範例', '程式流程圖', 8390, '2023-08-29 18:11:36'),
(316, 'admin', 'C2-1', '程式範例', '程式邏輯分析', 2547, '2023-08-29 18:11:39'),
(317, 'admin', 'C2-1', '程式範例', '程式流程圖', 100061, '2023-08-29 18:13:19'),
(318, 'admin', 'C2-1', '程式範例', '程式邏輯分析', 6928, '2023-08-29 18:13:26'),
(319, 'admin', 'C2-1', '程式範例', '程式流程圖', 8714, '2023-08-29 18:13:35'),
(320, 'admin', 'C2-1', '程式模擬', '程式流程圖', 1993, '2023-08-29 18:13:37'),
(321, 'admin', 'C2-1', '程式模擬', '程式邏輯分析', 20585, '2023-08-29 18:13:57'),
(322, 'admin', 'C2-1', '程式範例', '程式邏輯分析', 1075, '2023-08-29 18:13:59'),
(323, 'admin', 'C2-1', '程式模擬', '程式邏輯分析', 13842, '2023-08-29 18:14:13'),
(324, 'admin', 'C2-1', '程式模擬', '程式邏輯分析', 69748, '2023-08-29 18:15:23'),
(325, 'admin', 'C2-1', '程式模擬', '程式邏輯分析', 2170, '2023-08-29 18:15:25'),
(326, 'admin', 'C2-1', '程式範例', '程式邏輯分析', 5853, '2023-08-29 18:15:38'),
(327, 'admin', 'C2-1', '程式模擬', '程式邏輯分析', 10170, '2023-08-29 18:15:48'),
(328, 'admin', 'C2-1', '程式模擬', '程式流程圖', 4072, '2023-08-29 18:15:52'),
(329, 'admin', 'C2-1', '程式模擬', '程式邏輯分析', 1660, '2023-08-29 18:15:54'),
(330, 'admin', 'C2-1', '程式範例', '程式邏輯分析', 1314, '2023-08-29 18:15:55'),
(331, 'admin', 'C2-1', '程式範例', '程式流程圖', 2827, '2023-08-29 18:15:58'),
(332, 'admin', 'C2-1', '程式範例', '程式邏輯分析', 2769, '2023-08-29 18:16:01'),
(333, 'admin', 'C2-1', '程式範例', '程式流程圖', 4675, '2023-08-29 18:16:05'),
(334, 'admin', 'C2-1', '程式範例', '程式邏輯分析', 665, '2023-08-29 18:16:06'),
(335, 'admin', 'C2-1', '程式模擬', '程式邏輯分析', 110073, '2023-08-29 18:17:56'),
(336, 'admin', 'C2-1', '程式範例', '程式邏輯分析', 2982, '2023-08-29 18:18:00'),
(337, 'admin', 'C2-1', '程式模擬', '程式邏輯分析', 3702, '2023-08-29 18:18:04'),
(338, 'admin', 'C2-1', '程式範例', '程式邏輯分析', 3572, '2023-08-29 18:18:14'),
(339, 'admin', 'C2-1', '程式模擬', '程式邏輯分析', 32562, '2023-08-29 18:18:47'),
(340, 'admin', 'C2-1', '程式模擬', '程式流程圖', 4003, '2023-08-29 18:18:51'),
(341, 'admin', 'C2-1', '程式模擬', '程式邏輯分析', 77277, '2023-08-29 18:20:08'),
(342, 'admin', 'C2-1', '程式範例', '程式邏輯分析', 686, '2023-08-29 18:20:09'),
(343, 'admin', 'C2-1', '程式模擬', '程式邏輯分析', 2488, '2023-08-29 18:20:12'),
(344, 'admin', 'C2-1', '程式模擬', '程式流程圖', 2101, '2023-08-29 18:20:14'),
(345, 'admin', 'C2-1', '程式範例', '程式流程圖', 2176, '2023-08-29 18:20:16'),
(346, 'admin', 'C2-1', '程式範例', '程式邏輯分析', 2228886, '2023-08-29 18:57:25'),
(347, 'admin', 'C2-1', '程式範例', '程式邏輯分析', 5330, '2023-08-29 18:57:31'),
(348, 'admin', 'C2-1', '程式模擬', '程式邏輯分析', 1734, '2023-08-29 18:57:33'),
(349, 'admin', 'C2-1', '程式範例', '程式邏輯分析', 32879, '2023-08-29 18:58:06'),
(350, 'admin', 'C2-1', '程式範例', '程式邏輯分析', 407, '2023-08-29 18:58:07'),
(351, 'admin', 'C2-1', '程式模擬', '程式邏輯分析', 6327, '2023-08-29 18:58:13'),
(352, 'admin', 'C2-1', '程式範例', '程式邏輯分析', 30550, '2023-08-29 18:58:44'),
(353, 'admin', 'C2-1', '程式範例', '程式邏輯分析', 4358, '2023-08-29 18:58:49'),
(354, 'admin', 'C2-1', '程式範例', '程式邏輯分析', 7571, '2023-08-29 18:58:57'),
(355, 'admin', 'C2-1', '程式範例', '程式邏輯分析', 6227, '2023-08-29 18:59:04'),
(356, 'admin', 'C2-1', '程式範例', '程式邏輯分析', 9353, '2023-08-29 18:59:14'),
(357, 'admin', 'C2-1', '程式範例', '程式邏輯分析', 5818, '2023-08-29 18:59:20'),
(358, 'admin', 'C2-1', '程式範例', '程式邏輯分析', 23329, '2023-08-29 18:59:44'),
(359, 'admin', 'C2-1', '程式範例', '程式邏輯分析', 43355, '2023-08-29 19:00:28'),
(360, 'admin', 'C2-1', '程式範例', '程式邏輯分析', 191908, '2023-08-29 19:03:42'),
(361, 'admin', 'C2-1', '程式範例', '程式邏輯分析', 16659, '2023-08-29 19:03:59'),
(362, 'admin', 'C2-1', '程式範例', '程式邏輯分析', 31651, '2023-08-29 19:04:32'),
(363, 'admin', 'C2-1', '程式範例', '程式邏輯分析', 468, '2023-08-29 19:04:33'),
(364, 'admin', 'C2-1', '程式模擬', '程式邏輯分析', 10032, '2023-08-29 19:04:43'),
(365, 'admin', 'C2-1', '程式範例', '程式邏輯分析', 54156, '2023-08-29 19:05:38'),
(366, 'admin', 'C2-1', '程式範例', '程式邏輯分析', 6885, '2023-08-29 19:05:45'),
(367, 'admin', 'C2-1', '程式範例', '程式邏輯分析', 10492, '2023-08-29 19:05:56'),
(368, 'admin', 'C2-1', '程式範例', '程式邏輯分析', 10860, '2023-08-29 19:06:07'),
(369, 'admin', 'C2-1', '程式範例', '程式邏輯分析', 8903, '2023-08-29 19:06:17'),
(370, 'admin', 'C2-1', '程式範例', '程式邏輯分析', 69899, '2023-08-29 19:07:27'),
(371, 'admin', 'C2-1', '程式範例', '程式邏輯分析', 22159, '2023-08-29 19:07:49'),
(372, 'admin', 'C2-1', '程式範例', '程式邏輯分析', 4971, '2023-08-29 19:07:55'),
(373, 'admin', 'C2-1', '程式範例', '程式邏輯分析', 17091, '2023-08-29 19:08:12'),
(374, 'admin', 'C2-1', '程式範例', '程式邏輯分析', 46898, '2023-08-29 19:09:00'),
(375, 'admin', 'C2-1', '程式範例', '程式邏輯分析', 13643, '2023-08-29 19:09:13'),
(376, 'admin', 'C2-1', '程式範例', '程式邏輯分析', 5877, '2023-08-29 19:09:20'),
(377, 'admin', 'C2-1', '程式範例', '程式邏輯分析', 8595, '2023-08-29 19:09:28'),
(378, 'admin', 'C2-1', '程式範例', '程式邏輯分析', 10209, '2023-08-29 19:09:39'),
(379, 'admin', 'C2-1', '程式範例', '程式邏輯分析', 8802, '2023-08-29 19:09:48'),
(380, 'admin', 'C2-1', '程式範例', '程式邏輯分析', 2115312, '2023-08-29 19:45:04'),
(381, 'admin', 'C2-1', '程式範例', '程式邏輯分析', 12954, '2023-08-29 19:45:17'),
(382, 'admin', 'C2-1', '程式範例', '程式邏輯分析', 20347, '2023-08-29 19:45:38'),
(383, 'admin', 'C2-1', '程式範例', '程式邏輯分析', 4464, '2023-08-29 19:45:42'),
(384, 'admin', 'C2-1', '程式範例', '程式邏輯分析', 7707, '2023-08-29 19:45:50'),
(385, 'admin', 'C2-1', '程式範例', '程式邏輯分析', 35364, '2023-08-29 19:46:26'),
(386, 'admin', 'C2-1', '程式範例', '程式邏輯分析', 7838, '2023-08-29 19:46:34'),
(387, 'admin', 'C2-1', '程式範例', '程式邏輯分析', 69524, '2023-08-29 19:47:44'),
(388, 'admin', 'C2-1', '程式範例', '程式邏輯分析', 9255, '2023-08-29 19:47:53'),
(389, 'admin', 'C2-1', '程式範例', '程式邏輯分析', 15659, '2023-08-29 19:48:09'),
(390, 'admin', 'C2-1', '程式範例', '程式邏輯分析', 9776, '2023-08-29 19:48:20'),
(391, 'admin', 'C2-1', '程式範例', '程式邏輯分析', 10159, '2023-08-29 19:48:30'),
(392, 'admin', 'C2-1', '程式範例', '程式邏輯分析', 9044, '2023-08-29 19:48:39'),
(393, 'admin', 'C2-1', '程式範例', '程式邏輯分析', 325668, '2023-08-29 19:54:06'),
(394, 'admin', 'C2-1', '程式範例', '程式邏輯分析', 6232, '2023-08-29 19:54:13'),
(395, 'admin', 'C2-1', '程式範例', '程式邏輯分析', 148626, '2023-08-29 19:56:48'),
(396, 'admin', 'C2-1', '程式範例', '程式邏輯分析', 41737, '2023-08-29 19:57:31'),
(397, 'admin', 'C2-1', '程式範例', '程式邏輯分析', 20249, '2023-08-29 19:57:52'),
(398, 'admin', 'C2-1', '程式範例', '程式邏輯分析', 19455, '2023-08-29 19:58:12'),
(399, 'admin', 'C2-1', '程式範例', '程式邏輯分析', 45034, '2023-08-29 19:58:58'),
(400, 'admin', 'C2-1', '程式範例', '程式邏輯分析', 65299, '2023-08-29 20:00:04'),
(401, 'admin', 'C2-1', '程式範例', '程式邏輯分析', 32295, '2023-08-29 20:00:38'),
(402, 'admin', 'C2-1', '程式範例', '程式邏輯分析', 70792, '2023-08-29 20:01:50'),
(403, 'admin', 'C2-1', '程式範例', '程式邏輯分析', 22672, '2023-08-29 20:02:13'),
(404, 'admin', 'C2-1', '程式範例', '程式邏輯分析', 19211, '2023-08-29 20:02:34'),
(405, 'admin', 'C2-1', '程式範例', '程式邏輯分析', 29658, '2023-08-29 20:03:05'),
(406, 'admin', 'C2-1', '程式範例', '程式邏輯分析', 16168, '2023-08-29 20:03:22'),
(407, 'admin', 'C2-1', '程式範例', '程式邏輯分析', 37112, '2023-08-29 20:04:01'),
(408, 'admin', 'C2-1', '程式範例', '程式邏輯分析', 33849, '2023-08-29 20:04:36'),
(409, 'admin', 'C2-1', '程式範例', '程式邏輯分析', 18334, '2023-08-29 20:04:55'),
(410, 'admin', 'C2-1', '程式範例', '程式邏輯分析', 8174, '2023-08-29 20:05:04'),
(411, 'admin', 'C2-1', '程式範例', '程式邏輯分析', 98527, '2023-08-29 20:06:44'),
(412, 'admin', 'C2-1', '程式範例', '程式邏輯分析', 10777, '2023-08-29 20:06:55'),
(413, 'admin', 'C2-1', '程式範例', '程式邏輯分析', 5907, '2023-08-29 20:07:02'),
(414, 'admin', 'C2-1', '程式範例', '程式邏輯分析', 7526, '2023-08-29 20:07:10'),
(415, 'admin', 'C2-1', '程式範例', '程式邏輯分析', 3035, '2023-08-29 20:07:13'),
(416, 'admin', 'C2-1', '程式範例', '程式邏輯分析', 5659, '2023-08-29 20:07:20'),
(417, 'admin', 'C2-1', '程式範例', '程式邏輯分析', 3917, '2023-08-29 20:07:24'),
(418, 'admin', 'C2-1', '程式範例', '程式邏輯分析', 36272, '2023-08-29 20:08:01'),
(419, 'admin', 'C2-1', '程式範例', '程式邏輯分析', 7172, '2023-08-29 20:08:09'),
(420, 'admin', 'C2-1', '程式範例', '程式邏輯分析', 79786, '2023-08-29 20:09:30'),
(421, 'admin', 'C2-1', '程式範例', '程式邏輯分析', 28784, '2023-08-29 20:09:59'),
(422, 'admin', 'C2-1', '程式範例', '程式邏輯分析', 4335, '2023-08-29 20:10:04'),
(423, 'admin', 'C2-1', '程式範例', '程式邏輯分析', 13512, '2023-08-29 20:10:29'),
(424, 'admin', 'C2-1', '程式範例', '程式邏輯分析', 62618, '2023-08-29 20:11:32'),
(425, 'admin', 'C2-1', '程式範例', '程式邏輯分析', 8193, '2023-08-29 20:11:41'),
(426, 'admin', 'C2-1', '程式範例', '程式邏輯分析', 9426, '2023-08-29 20:11:51'),
(427, 'admin', 'C2-1', '程式範例', '程式邏輯分析', 6184, '2023-08-29 20:11:59'),
(428, 'admin', 'C2-1', '程式範例', '程式邏輯分析', 10445, '2023-08-29 20:12:10'),
(429, 'admin', 'C2-1', '程式範例', '程式邏輯分析', 5840, '2023-08-29 20:12:17'),
(430, 'admin', 'C2-1', '程式範例', '程式邏輯分析', 30715, '2023-08-29 20:12:48'),
(431, 'admin', 'C2-1', '程式範例', '程式邏輯分析', 15051, '2023-08-29 20:13:12'),
(432, 'admin', 'C2-1', '程式範例', '程式邏輯分析', 5539, '2023-08-29 20:13:19'),
(433, 'admin', 'C2-1', '程式範例', '程式邏輯分析', 28857, '2023-08-29 20:13:49'),
(434, 'admin', 'C2-1', '程式範例', '程式邏輯分析', 2507, '2023-08-29 20:13:51'),
(435, 'admin', 'C2-1', '程式範例', '程式邏輯分析', 1602, '2023-08-29 20:13:53'),
(436, 'admin', 'C2-1', '程式範例', '程式邏輯分析', 6544, '2023-08-29 20:14:11'),
(437, 'admin', 'C2-1', '程式範例', '程式邏輯分析', 8156, '2023-08-29 20:14:20'),
(438, 'admin', 'C2-1', '程式範例', '程式邏輯分析', 16844, '2023-08-29 20:14:37'),
(439, 'admin', 'C2-1', '程式範例', '程式邏輯分析', 9824, '2023-08-29 20:14:48'),
(440, 'admin', 'C2-1', '程式範例', '程式邏輯分析', 8374, '2023-08-29 20:14:57'),
(441, 'admin', 'C2-1', '程式範例', '程式邏輯分析', 72266, '2023-08-29 20:16:10'),
(442, 'admin', 'C2-1', '程式範例', '程式邏輯分析', 29451, '2023-08-29 20:16:40'),
(443, 'admin', 'C2-1', '程式範例', '程式邏輯分析', 53135, '2023-08-29 20:17:34'),
(444, 'admin', 'C2-1', '程式範例', '程式邏輯分析', 5359, '2023-08-29 20:17:40'),
(445, 'admin', 'C2-1', '程式範例', '程式邏輯分析', 15905, '2023-08-29 20:17:56'),
(446, 'admin', 'C2-1', '程式模擬', '程式邏輯分析', 164, '2023-08-29 20:17:56'),
(447, 'admin', 'C2-1', '程式範例', '程式邏輯分析', 7745, '2023-08-29 20:18:05'),
(448, 'admin', 'C2-1', '程式範例', '程式邏輯分析', 11902, '2023-08-29 20:18:18'),
(449, 'admin', 'C2-1', '程式範例', '程式邏輯分析', 16318, '2023-08-29 20:18:35'),
(450, 'admin', 'C2-1', '程式範例', '程式邏輯分析', 4770, '2023-08-29 20:18:41'),
(451, 'admin', 'C2-1', '程式範例', '程式邏輯分析', 32069, '2023-08-29 20:19:14'),
(452, 'admin', 'C2-1', '程式範例', '程式邏輯分析', 4401, '2023-08-29 20:19:19'),
(453, 'admin', 'C2-1', '程式範例', '程式邏輯分析', 67401, '2023-08-29 20:20:35'),
(454, 'admin', 'C2-1', '程式範例', '程式邏輯分析', 45361, '2023-08-29 20:21:32'),
(455, 'admin', 'C2-1', '程式範例', '程式邏輯分析', 12242, '2023-08-29 20:21:45'),
(456, 'admin', 'C2-1', '程式範例', '程式邏輯分析', 41736, '2023-08-29 20:22:28'),
(457, 'admin', 'C2-1', '程式範例', '程式邏輯分析', 34268, '2023-08-29 20:23:03'),
(458, 'admin', 'C2-1', '程式範例', '程式邏輯分析', 28181, '2023-08-29 20:23:32'),
(459, 'admin', 'C2-1', '程式範例', '程式邏輯分析', 14368, '2023-08-29 20:23:47'),
(460, 'admin', 'C2-1', '程式範例', '程式邏輯分析', 13573, '2023-08-29 20:24:02'),
(461, 'admin', 'C2-1', '程式範例', '程式邏輯分析', 9130, '2023-08-29 20:24:12'),
(462, 'admin', 'C2-1', '程式範例', '程式邏輯分析', 8671, '2023-08-29 20:24:21'),
(463, 'admin', 'C2-1', '程式範例', '程式邏輯分析', 7038, '2023-08-29 20:24:29'),
(464, 'admin', 'C2-1', '程式範例', '程式邏輯分析', 7702, '2023-08-29 20:24:37'),
(465, 'admin', 'C2-1', '程式範例', '程式邏輯分析', 6478, '2023-08-29 20:24:44'),
(466, 'admin', 'C2-1', '程式範例', '程式邏輯分析', 19169, '2023-08-29 20:25:04'),
(467, 'admin', 'C2-1', '程式範例', '程式邏輯分析', 62230, '2023-08-29 20:26:08'),
(468, 'admin', 'C2-1', '程式範例', '程式邏輯分析', 3553, '2023-08-29 20:26:12'),
(469, 'admin', 'C2-1', '程式範例', '程式流程圖', 5565, '2023-08-29 20:26:17'),
(470, 'admin', 'C2-1', '程式範例', '程式邏輯分析', 711, '2023-08-29 20:26:18'),
(471, 'admin', 'C2-1', '程式模擬', '程式邏輯分析', 69108, '2023-08-29 20:27:27'),
(472, 'admin', 'C2-1', '程式範例', '程式邏輯分析', 4229, '2023-08-29 20:27:32'),
(473, 'admin', 'C2-1', '程式模擬', '程式邏輯分析', 6179, '2023-08-29 20:27:38'),
(474, 'admin', 'C2-1', '程式範例', '程式邏輯分析', 720, '2023-08-29 20:27:39'),
(475, 'admin', 'C2-1', '程式模擬', '程式邏輯分析', 56519, '2023-08-29 20:28:36'),
(476, 'admin', 'C2-1', '程式範例', '程式邏輯分析', 3001, '2023-08-29 20:28:46'),
(477, 'admin', 'C2-1', '程式模擬', '程式邏輯分析', 35574, '2023-08-29 20:29:22'),
(478, 'admin', 'C2-1', '程式範例', '程式邏輯分析', 1473, '2023-08-29 20:29:24'),
(479, 'admin', 'C2-1', '程式模擬', '程式邏輯分析', 18712, '2023-08-29 20:29:42'),
(480, 'admin', 'C2-1', '程式範例', '程式邏輯分析', 2956, '2023-08-29 20:29:46'),
(481, 'admin', 'C2-1', '程式模擬', '程式邏輯分析', 31010, '2023-08-29 20:30:17'),
(482, 'admin', 'C2-1', '程式範例', '程式邏輯分析', 522, '2023-08-29 20:30:18'),
(483, 'admin', 'C2-1', '程式模擬', '程式邏輯分析', 269322, '2023-08-29 20:34:47'),
(484, 'admin', 'C2-1', '程式範例', '程式邏輯分析', 1936, '2023-08-29 20:34:49'),
(485, 'admin', 'C2-1', '程式模擬', '程式邏輯分析', 1250, '2023-08-29 20:34:51'),
(486, 'admin', 'C2-1', '程式範例', '程式邏輯分析', 141435, '2023-08-29 20:37:12'),
(487, 'admin', 'C2-1', '程式範例', '程式邏輯分析', 24112, '2023-08-29 20:37:37'),
(488, 'admin', 'C2-1', '程式範例', '程式邏輯分析', 144244, '2023-08-29 20:40:01'),
(489, 'admin', 'C2-1', '程式範例', '程式邏輯分析', 21503, '2023-08-29 20:40:24'),
(490, 'admin', 'C2-1', '程式範例', '程式邏輯分析', 48297, '2023-08-29 20:41:29'),
(491, 'admin', 'C2-1', '程式範例', '程式邏輯分析', 8789, '2023-08-29 20:41:38'),
(492, 'admin', 'C2-1', '程式範例', '程式邏輯分析', 81544, '2023-08-29 20:43:11'),
(493, 'admin', 'C2-1', '程式範例', '程式邏輯分析', 198810, '2023-08-29 20:46:30'),
(494, 'admin', 'C2-1', '程式範例', '程式邏輯分析', 18501, '2023-08-29 20:46:49'),
(495, 'admin', 'C2-1', '程式範例', '程式邏輯分析', 5793, '2023-08-29 20:46:55'),
(496, 'admin', 'C2-1', '程式範例', '程式邏輯分析', 16172, '2023-08-29 20:47:19'),
(497, 'admin', 'C2-1', '程式範例', '程式邏輯分析', 8407, '2023-08-29 20:47:29'),
(498, 'admin', 'C2-1', '程式模擬', '程式邏輯分析', 3923, '2023-08-29 20:47:32'),
(499, 'admin', 'C2-1', '程式範例', '程式邏輯分析', 5390, '2023-08-29 20:47:38'),
(500, 'admin', 'C2-1', '程式模擬', '程式邏輯分析', 198370, '2023-08-29 20:50:56'),
(501, 'admin', 'C2-1', '程式範例', '程式邏輯分析', 1114, '2023-08-29 20:50:58'),
(502, 'admin', 'C2-1', '程式模擬', '程式邏輯分析', 77201, '2023-08-29 20:52:15'),
(503, 'admin', 'C2-1', '程式範例', '程式邏輯分析', 2656, '2023-08-29 20:52:18'),
(504, 'admin', 'C2-1', '程式模擬', '程式邏輯分析', 20398, '2023-08-29 20:52:38'),
(505, 'admin', 'C2-1', '程式範例', '程式邏輯分析', 1510, '2023-08-29 20:52:40'),
(506, 'admin', 'C2-1', '程式模擬', '程式邏輯分析', 38966, '2023-08-29 20:53:19'),
(507, 'admin', 'C2-1', '程式範例', '程式邏輯分析', 2911, '2023-08-29 20:53:22'),
(508, 'admin', 'C2-1', '程式模擬', '程式邏輯分析', 438259, '2023-08-29 21:00:41'),
(509, 'admin', 'C2-1', '程式範例', '程式邏輯分析', 1433, '2023-08-29 21:00:42'),
(510, 'admin', 'C2-1', '程式模擬', '程式邏輯分析', 235044, '2023-08-29 21:04:38'),
(511, 'admin', 'C2-1', '程式範例', '程式邏輯分析', 683, '2023-08-29 21:04:39'),
(512, 'admin', 'C2-1', '程式模擬', '程式邏輯分析', 6874, '2023-08-29 21:04:46'),
(513, 'admin', 'C2-1', '程式範例', '程式邏輯分析', 36822, '2023-08-29 21:05:32'),
(514, 'admin', 'C2-1', '程式範例', '程式邏輯分析', 3736, '2023-08-29 21:05:37'),
(515, 'admin', 'C2-1', '程式範例', '程式邏輯分析', 149305, '2023-08-29 21:08:15'),
(516, 'admin', 'C2-1', '程式範例', '程式邏輯分析', 69109, '2023-08-29 21:09:25'),
(517, 'admin', 'C2-1', '程式範例', '程式邏輯分析', 39153, '2023-08-29 21:10:05'),
(518, 'admin', 'C2-1', '程式範例', '程式邏輯分析', 957, '2023-08-29 21:10:24'),
(519, 'admin', 'C2-1', '程式範例', '程式邏輯分析', 36291, '2023-08-29 21:11:30'),
(520, 'admin', 'C2-1', '程式範例', '程式邏輯分析', 9780, '2023-08-29 21:11:40'),
(521, 'admin', 'C2-1', '程式範例', '程式邏輯分析', 6721, '2023-08-29 21:11:48'),
(522, 'admin', 'C2-1', '程式模擬', '程式邏輯分析', 43181, '2023-08-29 21:12:31'),
(523, 'admin', 'C2-1', '程式範例', '程式邏輯分析', 3504, '2023-08-29 21:12:35'),
(524, 'admin', 'C2-1', '程式模擬', '程式邏輯分析', 25923, '2023-08-29 21:13:01'),
(525, 'admin', 'C2-1', '程式範例', '程式邏輯分析', 4760, '2023-08-29 21:13:06'),
(526, 'admin', 'C2-1', '程式模擬', '程式邏輯分析', 7805, '2023-08-29 21:13:14'),
(527, 'admin', 'C2-1', '程式範例', '程式邏輯分析', 6567, '2023-08-29 21:13:21'),
(528, 'admin', 'C2-1', '程式模擬', '程式邏輯分析', 37188, '2023-08-29 21:13:58'),
(529, 'admin', 'C2-1', '程式模擬', '程式邏輯分析', 852, '2023-08-29 21:13:59'),
(530, 'admin', 'C2-1', '程式範例', '程式邏輯分析', 3192, '2023-08-29 21:14:02'),
(531, 'admin', 'C2-1', '程式模擬', '程式邏輯分析', 31212, '2023-08-29 21:14:33'),
(532, 'admin', 'C2-1', '程式範例', '程式邏輯分析', 676, '2023-08-29 21:14:34'),
(533, 'admin', 'C2-1', '程式模擬', '程式邏輯分析', 1126821, '2023-08-29 21:33:21'),
(534, 'admin', 'C2-1', '程式範例', '程式邏輯分析', 11780, '2023-08-29 21:33:33'),
(535, 'admin', 'C2-1', '程式模擬', '程式邏輯分析', 139494, '2023-08-29 21:35:53'),
(536, 'admin', 'C2-1', '程式範例', '程式邏輯分析', 1139, '2023-08-29 21:35:54'),
(537, 'admin', 'C2-1', '程式模擬', '程式邏輯分析', 33102, '2023-08-29 21:36:28'),
(538, 'admin', 'C2-1', '程式範例', '程式邏輯分析', 1582, '2023-08-29 21:36:30'),
(539, 'admin', 'C2-1', '程式模擬', '程式邏輯分析', 56493, '2023-08-29 21:37:26'),
(540, 'admin', 'C2-1', '程式範例', '程式邏輯分析', 2846, '2023-08-29 21:37:29'),
(541, 'admin', 'C2-1', '程式模擬', '程式邏輯分析', 20590, '2023-08-29 21:37:50'),
(542, 'admin', 'C2-1', '程式模擬', '程式流程圖', 43887, '2023-08-29 21:38:34'),
(543, 'admin', 'C2-1', '程式範例', '程式邏輯分析', 1125, '2023-08-29 21:38:35'),
(544, 'admin', 'C2-1', '程式範例', '程式流程圖', 5291, '2023-08-29 21:38:40'),
(545, 'admin', 'C2-1', '程式模擬', '程式流程圖', 20169, '2023-08-29 21:39:01'),
(546, 'admin', 'C2-1', '程式範例', '程式邏輯分析', 802, '2023-08-29 21:39:02'),
(547, 'admin', 'C2-1', '程式模擬', '程式邏輯分析', 2149, '2023-08-29 21:39:04'),
(548, 'admin', 'C2-1', '程式模擬', '程式流程圖', 87485, '2023-08-29 21:40:31'),
(549, 'admin', 'C2-1', '程式範例', '程式邏輯分析', 627, '2023-08-29 21:40:32'),
(550, 'admin', 'C2-1', '程式範例', '程式流程圖', 72815, '2023-08-29 21:41:45'),
(551, 'admin', 'C2-1', '程式範例', '程式邏輯分析', 8313, '2023-08-29 21:42:12'),
(552, 'admin', 'C2-1', '程式範例', '程式流程圖', 6603, '2023-08-29 21:42:19'),
(553, 'admin', 'C2-1', '程式模擬', '程式流程圖', 9547, '2023-08-29 21:42:28'),
(554, 'admin', 'C2-1', '程式模擬', '程式邏輯分析', 48319, '2023-08-29 21:43:17'),
(555, 'admin', 'C2-2', '程式範例', '程式邏輯分析', 53791, '2023-08-29 21:44:11'),
(556, 'admin', 'C2-2', '程式範例', '程式邏輯分析', 305532, '2023-08-29 21:49:17'),
(557, 'admin', 'C2-2', '程式範例', '程式邏輯分析', 60960, '2023-08-29 21:50:18'),
(558, 'admin', 'C2-1', '程式範例', '程式邏輯分析', 273277, '2023-08-29 21:54:52'),
(559, 'admin', 'C2-2', '程式範例', '程式邏輯分析', 14328, '2023-08-29 21:55:07'),
(560, 'admin', 'C2-2', '程式範例', '程式邏輯分析', 18937, '2023-08-29 21:55:35'),
(561, 'admin', 'C2-2', '程式範例', '程式邏輯分析', 25166, '2023-08-29 21:56:01'),
(562, 'admin', 'C2-2', '程式範例', '程式邏輯分析', 391910, '2023-08-29 22:02:33'),
(563, 'admin', 'C2-1', '程式範例', '程式邏輯分析', 5487, '2023-08-29 22:02:47'),
(564, 'admin', 'C2-1', '程式範例', '程式流程圖', 3250, '2023-08-29 22:02:50'),
(565, 'admin', 'C2-1', '程式範例', '程式邏輯分析', 91562, '2023-08-29 22:04:22'),
(566, 'admin', 'C2-1', '程式範例', '程式邏輯分析', 62269, '2023-08-29 22:05:25'),
(567, 'admin', 'C2-1', '程式範例', '程式邏輯分析', 10163, '2023-08-29 22:05:35'),
(568, 'admin', 'C2-2', '程式範例', '程式邏輯分析', 184189, '2023-08-29 22:08:40'),
(569, 'admin', 'C2-2', '程式範例', '程式邏輯分析', 16824, '2023-08-29 22:08:57'),
(570, 'admin', 'C2-2', '程式範例', '程式邏輯分析', 8852, '2023-08-29 22:09:06'),
(571, 'admin', 'C2-2', '程式範例', '程式邏輯分析', 5513, '2023-08-29 22:09:12'),
(572, 'admin', 'C2-2', '程式範例', '程式邏輯分析', 13352, '2023-08-29 22:09:26'),
(573, 'admin', 'C2-2', '程式範例', '程式邏輯分析', 5454, '2023-08-29 22:09:32'),
(574, 'admin', 'C2-2', '程式範例', '程式邏輯分析', 9066, '2023-08-29 22:09:41'),
(575, 'admin', 'C2-2', '程式範例', '程式邏輯分析', 5452, '2023-08-29 22:09:47'),
(576, 'admin', 'C2-1', '程式範例', '程式邏輯分析', 4547, '2023-08-29 22:09:52'),
(577, 'admin', 'C3-2', '程式範例', '程式邏輯分析', 2008, '2023-08-29 22:09:54'),
(578, 'admin', 'C2-2', '程式範例', '程式邏輯分析', 13389, '2023-08-29 22:10:08'),
(579, 'admin', 'C2-2', '程式範例', '程式邏輯分析', 6661, '2023-08-29 22:10:15'),
(580, 'admin', 'C2-2', '程式範例', '程式邏輯分析', 6608, '2023-08-29 22:10:22'),
(581, 'admin', 'C2-2', '程式範例', '程式邏輯分析', 3948, '2023-08-29 22:10:26'),
(582, 'admin', 'C2-2', '程式範例', '程式邏輯分析', 4120, '2023-08-29 22:10:30'),
(583, 'admin', 'C2-2', '程式範例', '程式邏輯分析', 13125, '2023-08-29 22:10:44'),
(584, 'admin', 'C2-2', '程式範例', '程式邏輯分析', 15275, '2023-08-29 22:11:00'),
(585, 'admin', 'C2-2', '程式範例', '程式邏輯分析', 13356, '2023-08-29 22:11:13'),
(586, 'admin', 'C2-2', '程式範例', '程式邏輯分析', 40079, '2023-08-29 22:11:53'),
(587, 'admin', 'C2-2', '程式範例', '程式邏輯分析', 10621, '2023-08-29 22:12:04'),
(588, 'admin', 'C2-2', '程式範例', '程式邏輯分析', 9769, '2023-08-29 22:12:14'),
(589, 'admin', 'C2-2', '程式範例', '程式邏輯分析', 49939, '2023-08-29 22:13:05'),
(590, 'admin', 'C2-2', '程式範例', '程式邏輯分析', 31839, '2023-08-29 22:13:37'),
(591, 'admin', 'C2-2', '程式範例', '程式邏輯分析', 16080, '2023-08-29 22:13:53'),
(592, 'admin', 'C2-2', '程式範例', '程式邏輯分析', 309839, '2023-08-29 22:19:03'),
(593, 'admin', 'C2-2', '程式範例', '程式流程圖', 4343, '2023-08-29 22:19:08'),
(594, 'admin', 'C2-3', '程式範例', '程式邏輯分析', 64423, '2023-08-29 22:20:13'),
(595, 'admin', 'C2-3', '程式範例', '程式邏輯分析', 238723, '2023-08-29 22:24:12'),
(596, 'admin', 'C2-3', '程式範例', '程式邏輯分析', 34249, '2023-08-29 22:24:47'),
(597, 'admin', 'C2-3', '程式範例', '程式邏輯分析', 6645, '2023-08-29 22:24:54'),
(598, 'admin', 'C2-3', '程式範例', '程式邏輯分析', 38240, '2023-08-29 22:25:42'),
(599, 'admin', 'C2-3', '程式範例', '程式邏輯分析', 537062, '2023-08-29 22:34:40'),
(600, 'admin', 'C2-3', '程式範例', '程式邏輯分析', 36420, '2023-08-29 22:35:16'),
(601, 'admin', 'C2-3', '程式範例', '程式邏輯分析', 11744, '2023-08-29 22:35:28'),
(602, 'admin', 'C2-3', '程式範例', '程式邏輯分析', 6344, '2023-08-29 22:35:35'),
(603, 'admin', 'C2-3', '程式範例', '程式邏輯分析', 3897, '2023-08-29 22:35:39'),
(604, 'admin', 'C2-3', '程式範例', '程式邏輯分析', 28234, '2023-08-29 22:36:08'),
(605, 'admin', 'C2-3', '程式範例', '程式邏輯分析', 14285, '2023-08-29 22:36:22'),
(606, 'admin', 'C2-3', '程式範例', '程式邏輯分析', 14288, '2023-08-29 22:36:37'),
(607, 'admin', 'C2-3', '程式範例', '程式邏輯分析', 7202, '2023-08-29 22:36:44'),
(608, 'admin', 'C2-3', '程式範例', '程式邏輯分析', 12933, '2023-08-29 22:36:57'),
(609, 'admin', 'C2-3', '程式範例', '程式邏輯分析', 39890, '2023-08-29 22:37:38'),
(610, 'admin', 'C2-3', '程式範例', '程式邏輯分析', 10131, '2023-08-29 22:37:48'),
(611, 'admin', 'C2-3', '程式範例', '程式邏輯分析', 5935, '2023-08-29 22:37:54'),
(612, 'admin', 'C2-3', '程式範例', '程式邏輯分析', 49130, '2023-08-29 22:38:44'),
(613, 'admin', 'C2-3', '程式範例', '程式邏輯分析', 24927, '2023-08-29 22:39:09'),
(614, 'admin', 'C2-3', '程式範例', '程式邏輯分析', 7784, '2023-08-29 22:39:17'),
(615, 'admin', 'C2-3', '程式範例', '程式邏輯分析', 26452, '2023-08-29 22:39:44'),
(616, 'admin', 'C2-3', '程式模擬', '程式邏輯分析', 223, '2023-08-29 22:39:44'),
(617, 'admin', 'C2-3', '程式範例', '程式邏輯分析', 21310, '2023-08-29 22:40:05'),
(618, 'admin', 'C2-3', '程式範例', '程式邏輯分析', 80862, '2023-08-29 22:41:26'),
(619, 'admin', 'C2-3', '程式範例', '程式邏輯分析', 32972, '2023-08-29 22:41:59'),
(620, 'admin', 'C2-3', '程式範例', '程式邏輯分析', 13524, '2023-08-29 22:42:13'),
(621, 'admin', 'C2-3', '程式範例', '程式邏輯分析', 13359, '2023-08-29 22:42:27'),
(622, 'admin', 'C2-3', '程式範例', '程式邏輯分析', 8347, '2023-08-29 22:42:35'),
(623, 'admin', 'C2-3', '程式範例', '程式邏輯分析', 3473, '2023-08-29 22:42:39'),
(624, 'admin', 'C2-3', '程式範例', '程式邏輯分析', 3242, '2023-08-29 22:42:43'),
(625, 'admin', 'C2-3', '程式範例', '程式邏輯分析', 20472, '2023-08-29 22:43:13'),
(626, 'admin', 'C2-3', '程式範例', '程式邏輯分析', 14882, '2023-08-29 22:43:28'),
(627, 'admin', 'C2-3', '程式範例', '程式邏輯分析', 45757, '2023-08-29 22:44:14'),
(628, 'admin', 'C2-3', '程式範例', '程式邏輯分析', 54943, '2023-08-29 22:45:09'),
(629, 'admin', 'C2-3', '程式範例', '程式邏輯分析', 43663, '2023-08-29 22:45:53'),
(630, 'admin', 'C2-3', '程式範例', '程式邏輯分析', 21299, '2023-08-29 22:46:16'),
(631, 'admin', 'C2-3', '程式範例', '程式邏輯分析', 8782, '2023-08-29 22:46:25'),
(632, 'admin', 'C2-3', '程式範例', '程式邏輯分析', 33489, '2023-08-29 22:46:59'),
(633, 'admin', 'C2-3', '程式範例', '程式邏輯分析', 10204, '2023-08-29 22:47:09'),
(634, 'admin', 'C2-3', '程式範例', '程式邏輯分析', 40600, '2023-08-29 22:47:51'),
(635, 'admin', 'C2-3', '程式範例', '程式邏輯分析', 28931, '2023-08-29 22:48:20'),
(636, 'admin', 'C2-3', '程式範例', '程式邏輯分析', 44103, '2023-08-29 22:49:05'),
(637, 'admin', 'C2-3', '程式範例', '程式邏輯分析', 29959, '2023-08-29 22:49:35'),
(638, 'admin', 'C2-3', '程式範例', '程式邏輯分析', 24589, '2023-08-29 22:50:00'),
(639, 'admin', 'C2-3', '程式範例', '程式邏輯分析', 3668, '2023-08-29 22:50:12'),
(640, 'admin', 'C2-1', '程式範例', '程式邏輯分析', 4632, '2023-08-29 22:50:17'),
(641, 'admin', 'C2-3', '程式範例', '程式邏輯分析', 363086, '2023-08-29 22:56:21'),
(642, 'admin', 'C2-3', '程式範例', '程式邏輯分析', 35272, '2023-08-29 22:56:56'),
(643, 'admin', 'C2-3', '程式範例', '程式邏輯分析', 12420, '2023-08-29 22:57:09'),
(644, 'admin', 'C2-3', '程式範例', '程式邏輯分析', 43714, '2023-08-29 22:57:53'),
(645, 'admin', 'C2-3', '程式範例', '程式邏輯分析', 30476, '2023-08-29 22:58:24'),
(646, 'admin', 'C2-3', '程式範例', '程式邏輯分析', 40446, '2023-08-29 22:59:04'),
(647, 'admin', 'C2-3', '程式範例', '程式邏輯分析', 12801, '2023-08-29 22:59:17'),
(648, 'admin', 'C2-3', '程式範例', '程式邏輯分析', 85005, '2023-08-29 23:00:43'),
(649, 'admin', 'C2-3', '程式範例', '程式邏輯分析', 8407, '2023-08-29 23:00:51'),
(650, 'admin', 'C2-3', '程式範例', '程式邏輯分析', 11465, '2023-08-29 23:01:03'),
(651, 'admin', 'C2-3', '程式範例', '程式邏輯分析', 43743, '2023-08-29 23:01:47'),
(652, 'admin', 'C2-3', '程式範例', '程式邏輯分析', 14637, '2023-08-29 23:02:02'),
(653, 'admin', 'C2-3', '程式範例', '程式邏輯分析', 7805, '2023-08-29 23:02:10'),
(654, 'admin', 'C2-3', '程式範例', '程式邏輯分析', 41792, '2023-08-29 23:02:52'),
(655, 'admin', 'C2-3', '程式範例', '程式邏輯分析', 91379, '2023-08-29 23:04:24'),
(656, 'admin', 'C2-3', '程式範例', '程式邏輯分析', 17412, '2023-08-29 23:04:41'),
(657, 'admin', 'C2-3', '程式範例', '程式邏輯分析', 11080, '2023-08-29 23:04:53'),
(658, 'admin', 'C2-3', '程式範例', '程式邏輯分析', 19128, '2023-08-29 23:05:12'),
(659, 'admin', 'C2-3', '程式範例', '程式邏輯分析', 8827, '2023-08-29 23:05:21'),
(660, 'admin', 'C2-3', '程式範例', '程式邏輯分析', 21212, '2023-08-29 23:05:42'),
(661, 'admin', 'C2-3', '程式範例', '程式邏輯分析', 41941, '2023-08-29 23:06:25'),
(662, 'admin', 'C2-3', '程式範例', '程式邏輯分析', 269678, '2023-08-29 23:10:55'),
(663, 'admin', 'C2-3', '程式範例', '程式邏輯分析', 63060, '2023-08-29 23:11:58'),
(664, 'admin', 'C2-3', '程式範例', '程式邏輯分析', 23763, '2023-08-29 23:12:22'),
(665, 'admin', 'C2-3', '程式範例', '程式邏輯分析', 59275, '2023-08-29 23:13:21'),
(666, 'admin', 'C2-3', '程式範例', '程式邏輯分析', 34689, '2023-08-29 23:13:56'),
(667, 'admin', 'C2-3', '程式範例', '程式邏輯分析', 37329, '2023-08-29 23:14:34'),
(668, 'admin', 'C2-3', '程式範例', '程式邏輯分析', 26284, '2023-08-29 23:15:00'),
(669, 'admin', 'C2-3', '程式範例', '程式邏輯分析', 31893, '2023-08-29 23:15:33'),
(670, 'admin', 'C2-3', '程式範例', '程式邏輯分析', 54840, '2023-08-29 23:16:28'),
(671, 'admin', 'C2-3', '程式範例', '程式邏輯分析', 11306, '2023-08-29 23:16:39'),
(672, 'admin', 'C2-3', '程式範例', '程式邏輯分析', 47085, '2023-08-29 23:17:27'),
(673, 'admin', 'C2-3', '程式範例', '程式邏輯分析', 21640, '2023-08-29 23:17:48'),
(674, 'admin', 'C2-3', '程式範例', '程式邏輯分析', 12222, '2023-08-29 23:18:01'),
(675, 'admin', 'C2-3', '程式範例', '程式邏輯分析', 7812, '2023-08-29 23:18:09'),
(676, 'admin', 'C2-3', '程式範例', '程式邏輯分析', 510223, '2023-08-29 23:26:39'),
(677, 'admin', 'C2-3', '程式範例', '程式邏輯分析', 111884, '2023-08-29 23:28:32'),
(678, 'admin', 'C2-3', '程式範例', '程式邏輯分析', 16531, '2023-08-29 23:28:48'),
(679, 'admin', 'C2-3', '程式範例', '程式邏輯分析', 18429, '2023-08-29 23:29:07'),
(680, 'admin', 'C2-3', '程式範例', '程式邏輯分析', 9547, '2023-08-29 23:29:17'),
(681, 'admin', 'C2-3', '程式範例', '程式邏輯分析', 30858, '2023-08-29 23:29:48'),
(682, 'admin', 'C2-3', '程式範例', '程式邏輯分析', 10620, '2023-08-29 23:29:59'),
(683, 'admin', 'C2-3', '程式範例', '程式邏輯分析', 8331, '2023-08-29 23:30:08'),
(684, 'admin', 'C2-3', '程式範例', '程式邏輯分析', 42553, '2023-08-29 23:30:51'),
(685, 'admin', 'C2-3', '程式範例', '程式邏輯分析', 9199, '2023-08-29 23:31:00'),
(686, 'admin', 'C2-3', '程式範例', '程式邏輯分析', 9694, '2023-08-29 23:31:10'),
(687, 'admin', 'C2-3', '程式範例', '程式邏輯分析', 7672, '2023-08-29 23:31:18'),
(688, 'admin', 'C2-3', '程式範例', '程式邏輯分析', 7983, '2023-08-29 23:31:27'),
(689, 'admin', 'C2-3', '程式範例', '程式邏輯分析', 25449, '2023-08-29 23:31:52'),
(690, 'admin', 'C2-3', '程式範例', '程式邏輯分析', 6398, '2023-08-29 23:31:59'),
(691, 'admin', 'C2-3', '程式範例', '程式邏輯分析', 27904, '2023-08-29 23:32:27'),
(692, 'admin', 'C2-3', '程式範例', '程式邏輯分析', 15066, '2023-08-29 23:32:52'),
(693, 'admin', 'C2-3', '程式範例', '程式邏輯分析', 26518, '2023-08-29 23:33:19'),
(694, 'admin', 'C2-3', '程式範例', '程式邏輯分析', 7888, '2023-08-29 23:33:27'),
(695, 'admin', 'C2-3', '程式範例', '程式邏輯分析', 9552, '2023-08-29 23:33:37'),
(696, 'admin', 'C2-3', '程式範例', '程式邏輯分析', 67266, '2023-08-29 23:34:45'),
(697, 'admin', 'C2-3', '程式範例', '程式邏輯分析', 52193, '2023-08-29 23:35:37'),
(698, 'admin', 'C2-3', '程式範例', '程式邏輯分析', 65218, '2023-08-29 23:36:43'),
(699, 'admin', 'C2-3', '程式範例', '程式邏輯分析', 16434, '2023-08-29 23:36:59'),
(700, 'admin', 'C2-3', '程式範例', '程式邏輯分析', 10416, '2023-08-29 23:37:10'),
(701, 'admin', 'C2-3', '程式範例', '程式邏輯分析', 7301, '2023-08-29 23:37:18'),
(702, 'admin', 'C2-3', '程式範例', '程式邏輯分析', 39298, '2023-08-29 23:37:57'),
(703, 'admin', 'C2-3', '程式範例', '程式邏輯分析', 9286, '2023-08-29 23:38:07'),
(704, 'admin', 'C2-3', '程式範例', '程式邏輯分析', 10621, '2023-08-29 23:38:18'),
(705, 'admin', 'C2-3', '程式範例', '程式邏輯分析', 10665, '2023-08-29 23:38:29'),
(706, 'admin', 'C2-3', '程式範例', '程式邏輯分析', 40118, '2023-08-29 23:39:09'),
(707, 'admin', 'C2-3', '程式範例', '程式邏輯分析', 55542, '2023-08-29 23:40:05'),
(708, 'admin', 'C2-3', '程式範例', '程式邏輯分析', 58027, '2023-08-29 23:41:03'),
(709, 'admin', 'C2-3', '程式模擬', '程式邏輯分析', 13225, '2023-08-29 23:41:16'),
(710, 'admin', 'C2-3', '程式範例', '程式邏輯分析', 666, '2023-08-29 23:41:17'),
(711, 'admin', 'C2-3', '程式模擬', '程式邏輯分析', 85911, '2023-08-29 23:42:43'),
(712, 'admin', 'C2-3', '程式範例', '程式邏輯分析', 40527, '2023-08-29 23:43:24'),
(713, 'admin', 'C2-3', '程式範例', '程式邏輯分析', 551, '2023-08-29 23:43:25'),
(714, 'admin', 'C2-3', '程式模擬', '程式邏輯分析', 12408, '2023-08-29 23:43:38'),
(715, 'admin', 'C2-3', '程式範例', '程式邏輯分析', 1458, '2023-08-29 23:43:45'),
(716, 'admin', 'C2-3', '程式模擬', '程式邏輯分析', 99082, '2023-08-29 23:45:24'),
(717, 'admin', 'C2-3', '程式範例', '程式邏輯分析', 755, '2023-08-29 23:45:25'),
(718, 'admin', 'C2-3', '程式模擬', '程式邏輯分析', 35067, '2023-08-29 23:46:00'),
(719, 'admin', 'C2-3', '程式範例', '程式邏輯分析', 3042, '2023-08-29 23:46:04'),
(720, 'admin', 'C2-3', '程式範例', '程式流程圖', 212908, '2023-08-29 23:49:37'),
(721, 'admin', 'C2-3', '程式範例', '程式邏輯分析', 22265, '2023-08-29 23:50:09'),
(722, 'admin', 'C2-3', '程式模擬', '程式邏輯分析', 952, '2023-08-29 23:50:10'),
(723, 'admin', 'C2-3', '程式模擬', '程式流程圖', 675, '2023-08-29 23:50:10'),
(724, 'admin', 'C2-3', '程式範例', '程式流程圖', 5412, '2023-08-29 23:50:16'),
(725, 'admin', 'C2-3', '程式範例', '程式邏輯分析', 659, '2023-08-29 23:50:17'),
(726, 'admin', 'C2-3', '程式範例', '程式流程圖', 4572, '2023-08-29 23:50:22'),
(727, 'admin', 'C2-3', '程式模擬', '程式流程圖', 6791, '2023-08-29 23:50:29'),
(728, 'admin', 'C2-3', '程式模擬', '程式邏輯分析', 30368, '2023-08-29 23:50:59'),
(729, 'admin', 'C2-1', '程式範例', '程式邏輯分析', 11511, '2023-08-29 23:51:12');
INSERT INTO `actionrecord` (`_ID`, `Account`, `Page`, `CodeMode`, `FlowOperation`, `Time`, `TimeStarp`) VALUES
(730, 'admin', 'C2-1', '程式範例', '程式流程圖', 3035, '2023-08-29 23:51:15'),
(731, 'admin', 'C2-1', '程式模擬', '程式流程圖', 1867, '2023-08-29 23:51:17'),
(732, 'admin', 'C2-1', '程式模擬', '程式邏輯分析', 59095, '2023-08-29 23:52:16'),
(733, 'admin', 'C2-1', '程式範例', '程式邏輯分析', 4573, '2023-08-29 23:52:21'),
(734, 'admin', 'C2-1', '程式模擬', '程式邏輯分析', 3405, '2023-08-29 23:52:24'),
(735, 'admin', 'C2-1', '程式範例', '程式邏輯分析', 1292, '2023-08-29 23:52:35'),
(736, 'admin', 'C2-1', '程式模擬', '程式邏輯分析', 28764, '2023-08-29 23:53:03'),
(737, 'admin', 'C2-1', '程式範例', '程式邏輯分析', 338, '2023-08-29 23:53:04'),
(738, 'admin', 'C2-1', '程式模擬', '程式邏輯分析', 54519, '2023-08-29 23:53:59'),
(739, 'admin', 'C2-1', '程式範例', '程式邏輯分析', 3060, '2023-08-30 11:33:03'),
(740, 'admin', 'C2-1', '程式範例', '程式邏輯分析', 11209, '2023-08-30 11:37:00'),
(741, 'admin', 'C2-1', '程式模擬', '程式邏輯分析', 16418, '2023-08-30 11:37:17'),
(742, 'admin', 'C2-1', '程式模擬', '程式流程圖', 3604, '2023-08-30 11:37:20'),
(743, 'admin', 'C2-1', '程式範例', '程式流程圖', 699995, '2023-08-30 11:49:01'),
(744, 'admin', 'C2-2', '程式範例', '程式邏輯分析', 6079, '2023-08-30 11:49:07'),
(745, 'admin', 'C2-2', '程式範例', '程式流程圖', 5206, '2023-08-30 11:49:13'),
(746, 'admin', 'C2-2', '程式模擬', '程式流程圖', 8871, '2023-08-30 11:49:21'),
(747, 'admin', 'C2-2', '程式模擬', '程式邏輯分析', 40806, '2023-08-30 11:50:02'),
(748, 'admin', 'C2-2', '程式範例', '程式邏輯分析', 1187, '2023-08-30 11:50:04'),
(749, 'admin', 'C2-2', '程式模擬', '程式邏輯分析', 2203, '2023-08-30 11:50:06'),
(750, 'admin', 'C2-2', '程式模擬', '程式流程圖', 9662, '2023-08-30 11:50:16'),
(751, 'admin', 'C2-2', '程式模擬', '程式邏輯分析', 4812, '2023-08-30 11:50:20'),
(752, 'admin', 'C2-2', '程式範例', '程式邏輯分析', 5172674, '2023-08-30 13:16:33'),
(753, 'admin', 'C2-2', '程式範例', '程式邏輯分析', 674696, '2023-08-30 13:27:49'),
(754, 'admin', 'C2-2', '程式範例', '程式邏輯分析', 5891, '2023-08-30 13:27:55'),
(755, 'admin', 'C2-2', '程式範例', '程式邏輯分析', 16627, '2023-08-30 13:28:12'),
(756, 'admin', 'C2-2', '程式範例', '程式邏輯分析', 9013, '2023-08-30 13:28:21'),
(757, 'admin', 'C2-2', '程式範例', '程式邏輯分析', 5498, '2023-08-30 13:28:27'),
(758, 'admin', 'C2-2', '程式範例', '程式邏輯分析', 7945, '2023-08-30 13:28:35'),
(759, 'admin', 'C2-2', '程式範例', '程式邏輯分析', 4882, '2023-08-30 13:28:40'),
(760, 'admin', 'C2-2', '程式範例', '程式邏輯分析', 7438, '2023-08-30 13:28:48'),
(761, 'admin', 'C2-2', '程式範例', '程式邏輯分析', 1205574, '2023-08-30 13:48:54'),
(762, 'admin', 'C2-2', '程式範例', '程式邏輯分析', 23238, '2023-08-30 13:49:18'),
(763, 'admin', 'C2-2', '程式範例', '程式邏輯分析', 11946, '2023-08-30 13:49:30'),
(764, 'admin', 'C2-2', '程式範例', '程式邏輯分析', 18739, '2023-08-30 13:49:49'),
(765, 'admin', 'C2-2', '程式範例', '程式邏輯分析', 6773, '2023-08-30 13:49:56'),
(766, 'admin', 'C2-2', '程式範例', '程式邏輯分析', 67636, '2023-08-30 13:51:04'),
(767, 'admin', 'C2-2', '程式範例', '程式邏輯分析', 15579, '2023-08-30 13:51:19'),
(768, 'admin', 'C2-2', '程式範例', '程式邏輯分析', 8880, '2023-08-30 13:51:29'),
(769, 'admin', 'C2-2', '程式範例', '程式邏輯分析', 11592, '2023-08-30 13:51:41'),
(770, 'admin', 'C2-2', '程式範例', '程式邏輯分析', 23030, '2023-08-30 13:52:04'),
(771, 'admin', 'C2-2', '程式範例', '程式邏輯分析', 63369, '2023-08-30 13:53:08'),
(772, 'admin', 'C2-2', '程式範例', '程式邏輯分析', 837730, '2023-08-30 14:07:06'),
(773, 'admin', 'C2-2', '程式範例', '程式邏輯分析', 11903, '2023-08-30 14:07:18'),
(774, 'admin', 'C2-2', '程式範例', '程式邏輯分析', 9349, '2023-08-30 14:07:27'),
(775, 'admin', 'C2-2', '程式範例', '程式邏輯分析', 47176, '2023-08-30 14:08:15'),
(776, 'admin', 'C2-2', '程式範例', '程式邏輯分析', 16459, '2023-08-30 14:08:31'),
(777, 'admin', 'C2-2', '程式範例', '程式邏輯分析', 10556, '2023-08-30 14:08:42'),
(778, 'admin', 'C2-2', '程式範例', '程式邏輯分析', 4459, '2023-08-30 14:08:47'),
(779, 'admin', 'C2-2', '程式範例', '程式邏輯分析', 13057, '2023-08-30 14:09:00'),
(780, 'admin', 'C2-2', '程式範例', '程式邏輯分析', 9096, '2023-08-30 14:09:09'),
(781, 'admin', 'C2-2', '程式範例', '程式邏輯分析', 504309, '2023-08-30 14:17:34'),
(782, 'admin', 'C2-2', '程式範例', '程式邏輯分析', 10590, '2023-08-30 14:17:45'),
(783, 'admin', 'C2-2', '程式範例', '程式邏輯分析', 16306, '2023-08-30 14:18:03'),
(784, 'admin', 'C2-2', '程式範例', '程式邏輯分析', 7573, '2023-08-30 14:18:12'),
(785, 'admin', 'C2-2', '程式範例', '程式邏輯分析', 12151, '2023-08-30 14:18:25'),
(786, 'admin', 'C2-2', '程式範例', '程式邏輯分析', 1866, '2023-08-30 14:18:28'),
(787, 'admin', 'C2-2', '程式範例', '程式邏輯分析', 8737, '2023-08-30 14:18:37'),
(788, 'admin', 'C2-2', '程式範例', '程式邏輯分析', 7355, '2023-08-30 14:18:44'),
(789, 'admin', 'C2-2', '程式範例', '程式邏輯分析', 15387, '2023-08-30 14:19:00'),
(790, 'admin', 'C2-2', '程式範例', '程式邏輯分析', 74370, '2023-08-30 14:20:14'),
(791, 'admin', 'C2-2', '程式範例', '程式邏輯分析', 28649, '2023-08-30 14:20:43'),
(792, 'admin', 'C2-2', '程式範例', '程式邏輯分析', 8720, '2023-08-30 14:20:52'),
(793, 'admin', 'C2-2', '程式範例', '程式邏輯分析', 51347, '2023-08-30 14:21:43'),
(794, 'admin', 'C2-2', '程式範例', '程式邏輯分析', 17560, '2023-08-30 14:22:01'),
(795, 'admin', 'C2-2', '程式範例', '程式邏輯分析', 17370, '2023-08-30 14:22:19'),
(796, 'admin', 'C2-2', '程式範例', '程式邏輯分析', 13547, '2023-08-30 14:22:32'),
(797, 'admin', 'C2-2', '程式範例', '程式邏輯分析', 5840, '2023-08-30 14:22:38'),
(798, 'admin', 'C2-2', '程式範例', '程式邏輯分析', 71155, '2023-08-30 14:23:50'),
(799, 'admin', 'C2-2', '程式範例', '程式邏輯分析', 87145, '2023-08-30 14:25:17'),
(800, 'admin', 'C2-2', '程式範例', '程式邏輯分析', 33651, '2023-08-30 14:25:51'),
(801, 'admin', 'C2-2', '程式範例', '程式邏輯分析', 28431, '2023-08-30 14:26:19'),
(802, 'admin', 'C2-2', '程式範例', '程式邏輯分析', 51944, '2023-08-30 14:27:11'),
(803, 'admin', 'C2-2', '程式範例', '程式邏輯分析', 12415, '2023-08-30 14:27:24'),
(804, 'admin', 'C2-2', '程式範例', '程式邏輯分析', 7263, '2023-08-30 14:27:31'),
(805, 'admin', 'C2-2', '程式範例', '程式邏輯分析', 10017, '2023-08-30 14:27:41'),
(806, 'admin', 'C2-2', '程式範例', '程式邏輯分析', 16004, '2023-08-30 14:27:57'),
(807, 'admin', 'C2-2', '程式範例', '程式邏輯分析', 53810, '2023-08-30 14:28:51'),
(808, 'admin', 'C2-2', '程式範例', '程式邏輯分析', 14821, '2023-08-30 14:29:06'),
(809, 'admin', 'C2-2', '程式範例', '程式邏輯分析', 68812, '2023-08-30 14:30:15'),
(810, 'admin', 'C2-2', '程式範例', '程式邏輯分析', 33599, '2023-08-30 14:30:49'),
(811, 'admin', 'C2-2', '程式範例', '程式邏輯分析', 37354, '2023-08-30 14:31:26'),
(812, 'admin', 'C2-2', '程式範例', '程式邏輯分析', 19986, '2023-08-30 14:31:47'),
(813, 'admin', 'C2-2', '程式範例', '程式邏輯分析', 25428, '2023-08-30 14:32:12'),
(814, 'admin', 'C2-2', '程式範例', '程式邏輯分析', 46472, '2023-08-30 14:32:59'),
(815, 'admin', 'C2-2', '程式範例', '程式邏輯分析', 47516, '2023-08-30 14:33:46'),
(816, 'admin', 'C2-2', '程式範例', '程式邏輯分析', 16812, '2023-08-30 14:34:03'),
(817, 'admin', 'C2-2', '程式範例', '程式邏輯分析', 24169, '2023-08-30 14:34:28'),
(818, 'admin', 'C2-2', '程式範例', '程式邏輯分析', 50676, '2023-08-30 14:35:18'),
(819, 'admin', 'C2-2', '程式範例', '程式邏輯分析', 58205, '2023-08-30 14:36:17'),
(820, 'admin', 'C2-2', '程式範例', '程式邏輯分析', 30792, '2023-08-30 14:36:48'),
(821, 'admin', 'C2-2', '程式範例', '程式邏輯分析', 44067, '2023-08-30 14:37:32'),
(822, 'admin', 'C2-2', '程式範例', '程式邏輯分析', 78651, '2023-08-30 14:39:08'),
(823, 'admin', 'C2-2', '程式範例', '程式邏輯分析', 109496, '2023-08-30 14:40:59'),
(824, 'admin', 'C2-2', '程式範例', '程式邏輯分析', 56577, '2023-08-30 14:41:56'),
(825, 'admin', 'C2-2', '程式範例', '程式邏輯分析', 11318, '2023-08-30 14:42:09'),
(826, 'admin', 'C2-2', '程式範例', '程式流程圖', 3152, '2023-08-30 14:42:13'),
(827, 'admin', 'C2-2', '程式範例', '程式邏輯分析', 1046, '2023-08-30 14:42:14'),
(828, 'admin', 'C2-2', '程式模擬', '程式邏輯分析', 2397745, '2023-08-30 15:22:11'),
(829, 'admin', 'C2-2', '程式範例', '程式邏輯分析', 57773, '2023-08-30 15:23:09'),
(830, 'admin', 'C2-2', '程式範例', '程式邏輯分析', 11513, '2023-08-30 15:23:22'),
(831, 'admin', 'C2-2', '程式範例', '程式邏輯分析', 8512, '2023-08-30 15:23:32'),
(832, 'admin', 'C2-2', '程式範例', '程式邏輯分析', 7863, '2023-08-30 15:23:41'),
(833, 'admin', 'C2-2', '程式範例', '程式邏輯分析', 6482, '2023-08-30 15:23:48'),
(834, 'admin', 'C2-2', '程式範例', '程式邏輯分析', 7303, '2023-08-30 15:23:56'),
(835, 'admin', 'C2-2', '程式範例', '程式邏輯分析', 27332, '2023-08-30 15:24:25'),
(836, 'admin', 'C2-2', '程式範例', '程式邏輯分析', 72518, '2023-08-30 15:25:38'),
(837, 'admin', 'C2-2', '程式範例', '程式邏輯分析', 17150, '2023-08-30 15:25:56'),
(838, 'admin', 'C2-2', '程式範例', '程式邏輯分析', 9607, '2023-08-30 15:26:07'),
(839, 'admin', 'C2-2', '程式範例', '程式邏輯分析', 18661, '2023-08-30 15:26:26'),
(840, 'admin', 'C2-2', '程式範例', '程式邏輯分析', 21111, '2023-08-30 15:26:54'),
(841, 'admin', 'C2-2', '程式範例', '程式邏輯分析', 10696, '2023-08-30 15:27:05'),
(842, 'admin', 'C2-2', '程式範例', '程式邏輯分析', 9685, '2023-08-30 15:27:16'),
(843, 'admin', 'C2-2', '程式範例', '程式邏輯分析', 56131, '2023-08-30 15:28:13'),
(844, 'admin', 'C2-2', '程式範例', '程式邏輯分析', 25506, '2023-08-30 15:28:39'),
(845, 'admin', 'C2-2', '程式範例', '程式邏輯分析', 24149, '2023-08-30 15:29:04'),
(846, 'admin', 'C2-2', '程式範例', '程式流程圖', 854, '2023-08-30 15:29:05'),
(847, 'admin', 'C2-2', '程式範例', '程式邏輯分析', 21446, '2023-08-30 15:29:27'),
(848, 'admin', 'C2-2', '程式範例', '程式邏輯分析', 34740, '2023-08-30 15:30:02'),
(849, 'admin', 'C2-2', '程式範例', '程式流程圖', 2547, '2023-08-30 15:30:05'),
(850, 'admin', 'C2-2', '程式範例', '程式邏輯分析', 29670, '2023-08-30 15:30:34'),
(851, 'admin', 'C2-2', '程式範例', '程式邏輯分析', 6175, '2023-08-30 15:30:42'),
(852, 'admin', 'C2-2', '程式範例', '程式邏輯分析', 38277, '2023-08-30 15:31:21'),
(853, 'admin', 'C2-2', '程式範例', '程式邏輯分析', 60130, '2023-08-30 15:32:22'),
(854, 'admin', 'C2-2', '程式範例', '程式邏輯分析', 4365016, '2023-08-30 15:50:17'),
(855, 'admin', 'C2-2', '程式範例', '程式邏輯分析', 3372714, '2023-08-30 16:28:35'),
(856, 'admin', 'C2-2', '程式範例', '程式邏輯分析', 102044, '2023-08-31 14:39:30'),
(857, 'admin', 'C2-2', '程式範例', '程式邏輯分析', 516, '2023-08-31 14:39:31'),
(858, 'admin', 'C2-2', '程式模擬', '程式邏輯分析', 39805, '2023-08-31 14:40:11'),
(859, 'admin', 'C2-2', '程式範例', '程式邏輯分析', 1374, '2023-08-31 14:40:22'),
(860, 'admin', 'C2-2', '程式模擬', '程式邏輯分析', 18716, '2023-08-31 14:40:41'),
(861, 'admin', 'C2-2', '程式模擬', '程式流程圖', 2987, '2023-08-31 14:40:44'),
(862, 'admin', 'C2-2', '程式範例', '程式邏輯分析', 1370, '2023-08-31 14:42:03'),
(863, 'admin', 'C2-2', '程式模擬', '程式邏輯分析', 56178, '2023-08-31 14:42:59'),
(864, 'admin', 'C2-2', '程式範例', '程式邏輯分析', 1687, '2023-08-31 14:43:01'),
(865, 'admin', 'C2-2', '程式模擬', '程式邏輯分析', 13704, '2023-08-31 14:43:15'),
(866, 'admin', 'C2-2', '程式範例', '程式邏輯分析', 1183, '2023-08-31 14:43:22'),
(867, 'admin', 'C2-2', '程式模擬', '程式邏輯分析', 43978, '2023-08-31 14:44:06'),
(868, 'admin', 'C2-3', '程式範例', '程式邏輯分析', 689, '2023-08-31 14:44:08'),
(869, 'admin', 'C2-3', '程式模擬', '程式邏輯分析', 11701, '2023-08-31 14:44:20'),
(870, 'admin', 'C2-1', '程式範例', '程式邏輯分析', 1760, '2023-08-31 14:44:22'),
(871, 'admin', 'C2-1', '程式模擬', '程式邏輯分析', 2209, '2023-08-31 14:44:25'),
(872, 'admin', 'C2-2', '程式範例', '程式邏輯分析', 599, '2023-08-31 14:44:26'),
(873, 'admin', 'C2-2', '程式模擬', '程式邏輯分析', 15760, '2023-08-31 14:44:42'),
(874, 'admin', 'C2-2', '程式範例', '程式邏輯分析', 979, '2023-08-31 14:44:44'),
(875, 'admin', 'C2-2', '程式模擬', '程式邏輯分析', 42046, '2023-08-31 14:45:26'),
(876, 'admin', 'C2-2', '程式範例', '程式邏輯分析', 830, '2023-08-31 14:45:27'),
(877, 'admin', 'C2-2', '程式模擬', '程式邏輯分析', 19683, '2023-08-31 14:45:47'),
(878, 'admin', 'C2-2', '程式範例', '程式邏輯分析', 1235, '2023-08-31 14:45:49'),
(879, 'admin', 'C2-2', '程式模擬', '程式邏輯分析', 36890, '2023-08-31 14:46:26'),
(880, 'admin', 'C2-2', '程式範例', '程式邏輯分析', 1759, '2023-08-31 14:46:28'),
(881, 'admin', 'C2-2', '程式模擬', '程式邏輯分析', 5446, '2023-08-31 14:46:34'),
(882, 'admin', 'C2-2', '程式範例', '程式邏輯分析', 1073, '2023-08-31 14:46:40'),
(883, 'admin', 'C2-2', '程式模擬', '程式邏輯分析', 8593, '2023-08-31 14:46:49'),
(884, 'admin', 'C2-2', '程式範例', '程式邏輯分析', 593, '2023-08-31 14:46:50'),
(885, 'admin', 'C2-2', '程式模擬', '程式邏輯分析', 9642, '2023-08-31 14:46:59'),
(886, 'admin', 'C2-2', '程式範例', '程式邏輯分析', 556, '2023-08-31 14:47:00'),
(887, 'admin', 'C2-2', '程式模擬', '程式邏輯分析', 18789, '2023-08-31 14:47:19'),
(888, 'admin', 'C2-2', '程式範例', '程式邏輯分析', 534, '2023-08-31 14:47:20'),
(889, 'admin', 'C2-2', '程式模擬', '程式邏輯分析', 16518, '2023-08-31 14:47:36'),
(890, 'admin', 'C2-1', '程式範例', '程式邏輯分析', 12910, '2023-08-31 14:51:14'),
(891, 'admin', 'C2-1', '程式範例', '程式流程圖', 3434, '2023-08-31 14:51:17'),
(892, 'admin', 'C2-1', '程式模擬', '程式流程圖', 3234, '2023-08-31 14:51:21'),
(893, 'admin', 'C2-1', '程式模擬', '程式邏輯分析', 20038, '2023-08-31 14:51:41'),
(894, 'admin', 'C2-2', '程式範例', '程式邏輯分析', 15882, '2023-08-31 14:51:57'),
(895, 'admin', 'C2-2', '程式範例', '程式流程圖', 2699, '2023-08-31 14:52:00'),
(896, 'admin', 'C2-2', '程式模擬', '程式流程圖', 9422, '2023-08-31 14:52:09'),
(897, 'admin', 'C2-2', '程式模擬', '程式邏輯分析', 18386, '2023-08-31 14:52:28'),
(898, 'admin', 'C2-3', '程式範例', '程式邏輯分析', 13957, '2023-08-31 14:52:43'),
(899, 'admin', 'C2-3', '程式範例', '程式流程圖', 3151, '2023-08-31 14:52:46'),
(900, 'admin', 'C2-3', '程式模擬', '程式流程圖', 12930, '2023-08-31 14:52:59'),
(901, 'admin', 'C2-3', '程式模擬', '程式邏輯分析', 21028, '2023-08-31 14:53:20'),
(902, 'admin', 'C2-2', '程式模擬', '程式邏輯分析', 785123, '2023-08-31 14:53:49'),
(903, 'admin', 'C3-1', '程式範例', '程式邏輯分析', 329763, '2023-08-31 14:59:05'),
(904, 'admin', 'C2-2', '程式範例', '程式邏輯分析', 1141, '2023-08-31 14:59:07'),
(905, 'admin', 'C2-2', '程式模擬', '程式邏輯分析', 546957, '2023-08-31 15:08:14'),
(906, 'admin', 'C2-2', '程式範例', '程式邏輯分析', 4267, '2023-08-31 15:08:19'),
(907, 'admin', 'C2-2', '程式模擬', '程式邏輯分析', 13727, '2023-08-31 15:08:33'),
(908, 'admin', 'C2-2', '程式範例', '程式邏輯分析', 757, '2023-08-31 15:08:41'),
(909, 'admin', 'C2-2', '程式模擬', '程式邏輯分析', 125391, '2023-08-31 15:10:47'),
(910, 'admin', 'C2-2', '程式範例', '程式邏輯分析', 926, '2023-08-31 15:10:48'),
(911, 'admin', 'C2-2', '程式模擬', '程式邏輯分析', 352480, '2023-08-31 15:16:41'),
(912, 'admin', 'C2-2', '程式範例', '程式邏輯分析', 916, '2023-08-31 15:16:42'),
(913, 'admin', 'C2-2', '程式模擬', '程式邏輯分析', 24732, '2023-08-31 15:17:07'),
(914, 'admin', 'C2-2', '程式範例', '程式邏輯分析', 1280, '2023-08-31 15:17:09'),
(915, 'admin', 'C2-2', '程式模擬', '程式邏輯分析', 95411, '2023-08-31 15:18:44'),
(916, 'admin', 'C2-2', '程式範例', '程式邏輯分析', 1148, '2023-08-31 15:18:46'),
(917, 'admin', 'C2-2', '程式模擬', '程式邏輯分析', 12677, '2023-08-31 15:18:58'),
(918, 'admin', 'C2-2', '程式範例', '程式邏輯分析', 3934, '2023-08-31 15:19:03'),
(919, 'admin', 'C2-2', '程式模擬', '程式邏輯分析', 21474, '2023-08-31 15:19:24'),
(920, 'admin', 'C2-2', '程式範例', '程式邏輯分析', 875, '2023-08-31 15:19:26'),
(921, 'admin', 'C2-2', '程式模擬', '程式邏輯分析', 29678, '2023-08-31 15:19:55'),
(922, 'admin', 'C2-2', '程式範例', '程式邏輯分析', 688, '2023-08-31 15:19:56'),
(923, 'admin', 'C2-2', '程式模擬', '程式邏輯分析', 8557, '2023-08-31 15:20:05'),
(924, 'admin', 'C2-2', '程式範例', '程式邏輯分析', 733, '2023-08-31 15:20:06'),
(925, 'admin', 'C2-2', '程式模擬', '程式邏輯分析', 12726, '2023-08-31 15:20:19'),
(926, 'admin', 'C2-2', '程式範例', '程式邏輯分析', 680, '2023-08-31 15:20:20'),
(927, 'admin', 'C2-2', '程式模擬', '程式邏輯分析', 6518, '2023-08-31 15:20:26'),
(928, 'admin', 'C2-2', '程式範例', '程式邏輯分析', 541, '2023-08-31 15:20:27'),
(929, 'admin', 'C2-2', '程式模擬', '程式邏輯分析', 9189, '2023-08-31 15:20:36'),
(930, 'admin', 'C2-2', '程式範例', '程式邏輯分析', 611, '2023-08-31 15:20:37'),
(931, 'admin', 'C2-2', '程式模擬', '程式邏輯分析', 65499, '2023-08-31 15:21:43'),
(932, 'admin', 'C2-2', '程式範例', '程式邏輯分析', 677, '2023-08-31 15:21:44'),
(933, 'admin', 'C2-2', '程式模擬', '程式邏輯分析', 106908, '2023-08-31 15:23:31'),
(934, 'admin', 'C2-2', '程式範例', '程式邏輯分析', 1320, '2023-08-31 15:23:32'),
(935, 'admin', 'C2-2', '程式模擬', '程式邏輯分析', 24935, '2023-08-31 15:23:57'),
(936, 'admin', 'C2-2', '程式範例', '程式邏輯分析', 980, '2023-08-31 15:24:03'),
(937, 'admin', 'C2-2', '程式模擬', '程式邏輯分析', 105848, '2023-08-31 15:25:49'),
(938, 'admin', 'C2-2', '程式範例', '程式邏輯分析', 2104, '2023-08-31 15:25:52'),
(939, 'admin', 'C2-2', '程式模擬', '程式邏輯分析', 103300, '2023-08-31 15:27:35'),
(940, 'admin', 'C2-2', '程式範例', '程式邏輯分析', 504, '2023-08-31 15:27:37'),
(941, 'admin', 'C2-2', '程式模擬', '程式邏輯分析', 23638, '2023-08-31 15:28:01'),
(942, 'admin', 'C2-2', '程式範例', '程式邏輯分析', 594, '2023-08-31 15:28:02'),
(943, 'admin', 'C2-2', '程式模擬', '程式邏輯分析', 481700, '2023-08-31 15:36:04'),
(944, 'admin', 'C2-2', '程式範例', '程式邏輯分析', 105631, '2023-08-31 15:37:49'),
(945, 'admin', 'C2-2', '程式範例', '程式邏輯分析', 430, '2023-08-31 15:37:51'),
(946, 'admin', 'C2-2', '程式模擬', '程式邏輯分析', 23096, '2023-08-31 15:38:14'),
(947, 'admin', 'C2-2', '程式範例', '程式邏輯分析', 403573, '2023-08-31 15:44:58'),
(948, 'admin', 'C2-2', '程式範例', '程式邏輯分析', 803, '2023-08-31 15:44:59'),
(949, 'admin', 'C2-2', '程式模擬', '程式邏輯分析', 10228, '2023-08-31 15:45:09'),
(950, 'admin', 'C2-2', '程式範例', '程式邏輯分析', 748, '2023-08-31 15:45:10'),
(951, 'admin', 'C2-2', '程式模擬', '程式邏輯分析', 33743, '2023-08-31 15:45:44'),
(952, 'admin', 'C2-2', '程式範例', '程式邏輯分析', 17312, '2023-08-31 15:46:01'),
(953, 'admin', 'C2-2', '程式範例', '程式邏輯分析', 1895, '2023-08-31 15:46:03'),
(954, 'admin', 'C2-2', '程式模擬', '程式邏輯分析', 56033, '2023-08-31 15:46:59'),
(955, 'admin', 'C2-2', '程式模擬', '程式邏輯分析', 10634, '2023-08-31 15:47:10'),
(956, 'admin', 'C2-2', '程式範例', '程式邏輯分析', 325409, '2023-08-31 16:15:57'),
(957, 'admin', 'C2-2', '程式範例', '程式流程圖', 507, '2023-08-31 16:15:57'),
(958, 'admin', 'C2-2', '程式模擬', '程式流程圖', 1098, '2023-08-31 16:15:58'),
(959, 'admin', 'C2-2', '程式模擬', '程式邏輯分析', 9096, '2023-08-31 16:16:08'),
(960, 'admin', 'C2-2', '程式範例', '程式邏輯分析', 1032, '2023-08-31 16:16:09'),
(961, 'admin', 'C2-2', '程式模擬', '程式邏輯分析', 9025, '2023-08-31 16:16:18'),
(962, 'admin', 'C2-2', '程式範例', '程式邏輯分析', 1441, '2023-08-31 16:16:19'),
(963, 'admin', 'C2-2', '程式模擬', '程式邏輯分析', 6925, '2023-08-31 16:16:26'),
(964, 'admin', 'C2-2', '程式範例', '程式邏輯分析', 5099, '2023-08-31 16:16:38'),
(965, 'admin', 'C2-2', '程式模擬', '程式邏輯分析', 2611, '2023-08-31 16:16:40'),
(966, 'admin', 'C2-2', '程式模擬', '程式邏輯分析', 15776, '2023-08-31 16:16:42'),
(967, 'admin', 'C2-2', '程式範例', '程式邏輯分析', 2407, '2023-08-31 16:17:00'),
(968, 'admin', 'C2-2', '程式模擬', '程式邏輯分析', 39120, '2023-08-31 16:17:39'),
(969, 'admin', 'C2-2', '程式範例', '程式邏輯分析', 8196, '2023-09-01 16:05:53'),
(970, 'admin', 'C2-2', '程式範例', '程式邏輯分析', 4243, '2023-09-01 16:05:58'),
(971, 'admin', 'C2-2', '程式範例', '程式邏輯分析', 525, '2023-09-01 16:06:00'),
(972, 'admin', 'C2-2', '程式模擬', '程式邏輯分析', 7061, '2023-09-01 16:06:07'),
(973, 'admin', 'C2-3', '程式範例', '程式邏輯分析', 1717, '2023-09-01 16:06:10'),
(974, 'admin', 'C2-1', '程式範例', '程式邏輯分析', 525958, '2023-09-01 16:14:57'),
(975, 'admin', 'C2-1', '程式範例', '程式邏輯分析', 920649, '2023-09-01 16:30:18'),
(976, 'admin', 'C2-1', '程式範例', '程式邏輯分析', 11513, '2023-09-04 22:03:10'),
(977, 'admin', 'C2-1', '程式模擬', '程式邏輯分析', 38146, '2023-09-04 22:03:49'),
(978, 'admin', 'C2-1', '程式模擬', '程式邏輯分析', 3020, '2023-09-04 22:03:52'),
(979, 'admin', 'C2-1', '程式範例', '程式邏輯分析', 913, '2023-09-04 22:03:53'),
(980, 'admin', 'C2-1', '程式範例', '程式流程圖', 2811, '2023-09-04 22:03:55'),
(981, 'admin', 'C2-2', '程式範例', '程式邏輯分析', 13510, '2023-09-04 22:04:10'),
(982, 'admin', 'C2-2', '程式模擬', '程式邏輯分析', 40807, '2023-09-04 22:04:51'),
(983, 'admin', 'C2-2', '程式模擬', '程式流程圖', 2461, '2023-09-04 22:04:53'),
(984, 'admin', 'C2-3', '程式範例', '程式邏輯分析', 10403, '2023-09-04 22:05:05'),
(985, 'admin', 'C2-2', '程式範例', '程式邏輯分析', 2870, '2023-09-04 22:05:09'),
(986, 'admin', 'C2-2', '程式範例', '程式流程圖', 1223, '2023-09-04 22:05:10'),
(987, 'admin', 'C2-2', '程式範例', '程式邏輯分析', 496, '2023-09-04 22:05:10'),
(988, 'admin', 'C2-2', '程式範例', '程式流程圖', 2084, '2023-09-04 22:05:12'),
(989, 'admin', 'C2-2', '程式範例', '程式邏輯分析', 28332, '2023-09-04 22:05:41'),
(990, 'admin', 'C2-2', '程式模擬', '程式邏輯分析', 6629, '2023-09-04 22:05:47'),
(991, 'admin', 'C2-2', '程式範例', '程式邏輯分析', 6312, '2023-09-04 22:05:54'),
(992, 'admin', 'C2-3', '程式範例', '程式邏輯分析', 11040, '2023-09-04 22:06:05'),
(993, 'admin', 'C2-3', '程式模擬', '程式邏輯分析', 89003, '2023-09-04 22:07:35'),
(994, 'admin', 'C2-3', '程式範例', '程式邏輯分析', 724, '2023-09-04 22:07:36'),
(995, 'admin', 'C2-3', '程式模擬', '程式邏輯分析', 15939, '2023-09-04 22:07:52'),
(996, 'admin', 'C3-1', '程式範例', '程式邏輯分析', 4408, '2023-09-04 22:08:04'),
(997, 'admin', 'C2-2', '程式範例', '程式邏輯分析', 6588, '2023-09-04 22:08:11'),
(998, 'admin', 'C2-2', '程式範例', '程式邏輯分析', 61722, '2023-09-04 22:09:14'),
(999, 'admin', 'C2-2', '程式模擬', '程式邏輯分析', 1438, '2023-09-04 22:09:15'),
(1000, 'admin', 'C2-2', '程式模擬', '程式流程圖', 958, '2023-09-04 22:09:16'),
(1001, 'admin', 'C2-2', '程式模擬', '程式邏輯分析', 2385, '2023-09-04 22:09:19'),
(1002, 'admin', 'C2-3', '程式範例', '程式邏輯分析', 2950, '2023-09-04 22:09:23'),
(1003, 'admin', 'C2-2', '程式範例', '程式邏輯分析', 102412, '2023-09-04 22:11:06'),
(1004, 'admin', 'C2-2', '程式範例', '程式邏輯分析', 48883, '2023-09-04 22:11:57'),
(1005, 'admin', 'C2-2', '程式模擬', '程式邏輯分析', 10983, '2023-09-04 22:12:08'),
(1006, 'admin', 'C3-2', '程式範例', '程式邏輯分析', 1407, '2023-09-04 22:13:00'),
(1007, 'admin', 'C2-2', '程式範例', '程式邏輯分析', 48609, '2023-09-04 22:13:50'),
(1008, 'admin', 'C2-2', '程式範例', '程式流程圖', 36150, '2023-09-04 22:14:26'),
(1009, 'admin', 'C4-1', '程式範例', '程式邏輯分析', 41242, '2023-09-04 22:15:09'),
(1010, 'admin', 'C2-1', '程式範例', '程式邏輯分析', 1866, '2023-09-04 22:15:11'),
(1011, 'admin', 'C2-1', '程式模擬', '程式邏輯分析', 66178, '2023-09-04 22:16:18'),
(1012, 'admin', 'C3-2', '程式範例', '程式邏輯分析', 2759, '2023-09-04 22:16:21'),
(1013, 'admin', 'C3-2', '程式範例', '程式邏輯分析', 2485, '2023-09-04 22:16:24');

-- --------------------------------------------------------

--
-- 資料表結構 `ansrecord`
--

CREATE TABLE `ansrecord` (
  `_ID` int(11) NOT NULL,
  `Account` text COLLATE utf8_bin NOT NULL,
  `Page` text COLLATE utf8_bin NOT NULL,
  `ans` text COLLATE utf8_bin NOT NULL,
  `TimeStarp` datetime NOT NULL DEFAULT current_timestamp()
) ENGINE=InnoDB DEFAULT CHARSET=utf8 COLLATE=utf8_bin;

--
-- 傾印資料表的資料 `ansrecord`
--

INSERT INTO `ansrecord` (`_ID`, `Account`, `Page`, `ans`, `TimeStarp`) VALUES
(1, 'student', 'C1-0', '中文回答的答案', '2023-08-21 22:07:38'),
(2, 'student', 'C4-0', '迴圈好棒', '2023-08-21 22:09:14'),
(3, 'admin', 'C3-0', 'ASD', '2023-08-28 14:48:09'),
(4, 'admin', 'C1-0', '', '2023-08-28 15:00:53'),
(5, 'admin', 'C3-0', '', '2023-08-28 15:15:47'),
(6, 'admin', 'C1-0', '漢堡好吃', '2023-08-31 14:50:39'),
(7, 'admin', 'C3-0', ':)', '2023-08-31 14:53:33');

-- --------------------------------------------------------

--
-- 資料表結構 `visitrecord`
--

CREATE TABLE `visitrecord` (
  `_ID` int(11) NOT NULL,
  `Account` text COLLATE utf8_bin NOT NULL,
  `Page` text COLLATE utf8_bin NOT NULL,
  `Time` int(11) NOT NULL,
  `TimeStarp` datetime NOT NULL DEFAULT current_timestamp()
) ENGINE=InnoDB DEFAULT CHARSET=utf8 COLLATE=utf8_bin;

--
-- 傾印資料表的資料 `visitrecord`
--

INSERT INTO `visitrecord` (`_ID`, `Account`, `Page`, `Time`, `TimeStarp`) VALUES
(1, 'student', 'C3-1', 4912, '2023-08-21 22:06:08'),
(2, 'student', 'C3-1', 19585, '2023-08-21 22:06:47'),
(3, 'student', 'C1-0', 29019, '2023-08-21 22:07:44'),
(4, 'student', 'C2', 16139, '2023-08-21 22:08:01'),
(5, 'student', 'C4-0', 73753, '2023-08-21 22:09:16'),
(6, 'student', 'C4-1', 13947, '2023-08-21 22:09:31'),
(7, 'admin', 'C3-1', 5005, '2023-08-21 22:10:01'),
(8, 'admin', 'C4-0', 1442, '2023-08-21 22:10:03'),
(9, 'admin', 'C1-0', 1136, '2023-08-21 22:10:05'),
(10, 'admin', 'C2-1', 45773, '2023-08-21 22:12:52'),
(11, 'admin', 'C2-2', 33664, '2023-08-21 22:13:26'),
(12, 'admin', 'C2-2', 2762, '2023-08-21 22:13:38'),
(13, 'admin', 'C2-2', 10813, '2023-08-21 22:13:49'),
(14, 'admin', 'C3-1', 67047, '2023-08-21 22:14:57'),
(15, 'admin', 'C3-1', 7204, '2023-08-21 22:15:05'),
(16, 'admin', 'C3-1', 79630, '2023-08-21 22:16:26'),
(17, 'admin', 'C3-1', 5012, '2023-08-21 22:16:32'),
(18, 'admin', 'C2-1', 10730, '2023-08-21 22:16:43'),
(19, 'admin', 'C3-1', 269733, '2023-08-21 22:21:13'),
(20, 'admin', 'C3-1', 172125, '2023-08-21 22:24:06'),
(21, 'admin', 'C4-1', 100547, '2023-08-21 22:25:48'),
(22, 'admin', 'C3-1', 324219, '2023-08-21 22:31:13'),
(23, 'admin', 'C2-1', 37192, '2023-08-21 22:31:51'),
(24, 'admin', 'C2-1', 101923, '2023-08-21 22:33:34'),
(25, 'admin', 'C2-2', 1215891, '2023-08-21 22:33:43'),
(26, 'admin', 'C2-1', 46301, '2023-08-21 22:34:36'),
(27, 'admin', 'C3-1', 325021, '2023-08-21 22:40:02'),
(28, 'admin', 'C2-1', 1181, '2023-08-21 22:40:04'),
(29, 'admin', 'C2-1', 192359, '2023-08-21 22:43:17'),
(30, 'admin', 'C2-1', 40815, '2023-08-21 22:43:58'),
(31, 'admin', 'C2-1', 5131, '2023-08-21 22:44:04'),
(32, 'admin', 'C2-1', 39439, '2023-08-21 22:44:51'),
(33, 'admin', 'C2-1', 37103, '2023-08-21 22:45:29'),
(34, 'admin', 'C2-1', 60085, '2023-08-21 22:46:29'),
(35, 'admin', 'C2-1', 110158, '2023-08-21 22:48:20'),
(36, 'admin', 'C2-1', 123952, '2023-08-21 22:48:34'),
(37, 'admin', 'C2-1', 11662, '2023-08-21 22:48:46'),
(38, 'admin', 'C2-1', 13410, '2023-08-21 22:48:47'),
(39, 'admin', 'C2-1', 1417, '2023-08-21 22:48:50'),
(40, 'admin', 'C4-1', 62974, '2023-08-21 22:49:54'),
(41, 'admin', 'C4-1', 67270, '2023-08-21 22:51:02'),
(42, 'admin', 'C3-1', 71830, '2023-08-21 22:52:22'),
(43, 'admin', 'C3-1', 28559, '2023-08-21 22:52:51'),
(44, 'admin', 'C3-1', 54703, '2023-08-21 22:53:46'),
(45, 'admin', 'C3-1', 10172, '2023-08-21 22:53:56'),
(46, 'admin', 'C3-1', 48707, '2023-08-21 22:54:53'),
(47, 'admin', 'C3-1', 24377, '2023-08-21 22:55:17'),
(48, 'admin', 'C3-1', 25803, '2023-08-21 22:55:19'),
(49, 'admin', 'C4-1', 44126, '2023-08-21 22:56:04'),
(50, 'admin', 'C4-1', 29634, '2023-08-21 22:56:34'),
(51, 'admin', 'C4-1', 2699, '2023-08-21 22:56:37'),
(52, 'admin', 'C4-0', 1021, '2023-08-21 22:56:45'),
(53, 'admin', 'C4-1', 39116, '2023-08-21 22:57:25'),
(54, 'admin', 'C4-1', 46172, '2023-08-21 22:57:32'),
(55, 'admin', 'C2-1', 67411, '2023-08-21 22:58:40'),
(56, 'admin', 'C2-1', 16868, '2023-08-21 22:58:58'),
(57, 'admin', 'C2-1', 22687, '2023-08-21 22:59:21'),
(58, 'admin', 'C2-1', 69201, '2023-08-21 23:00:30'),
(59, 'admin', 'C3-1', 3498, '2023-08-28 12:05:18'),
(60, 'admin', 'C3-1', 5284, '2023-08-28 12:05:19'),
(61, 'admin', 'C4-1', 16971, '2023-08-28 12:05:38'),
(62, 'admin', 'C4', 875, '2023-08-28 13:01:34'),
(63, 'admin', 'C4-1', 33555, '2023-08-28 13:02:08'),
(64, 'admin', 'C4-1', 55959, '2023-08-28 13:02:31'),
(65, 'admin', 'C4-1', 48842, '2023-08-28 13:03:20'),
(66, 'admin', 'C4-1', 49887, '2023-08-28 13:03:21'),
(67, 'admin', 'C4-1', 4128, '2023-08-28 13:03:26'),
(68, 'admin', 'C4-1', 14644, '2023-08-28 13:03:47'),
(69, 'admin', 'C4-1', 499339, '2023-08-28 13:12:07'),
(70, 'admin', 'C4-1', 12819, '2023-08-28 13:12:21'),
(71, 'admin', 'C4-1', 14072, '2023-08-28 13:12:22'),
(72, 'admin', 'C4-1', 10943, '2023-08-28 13:12:34'),
(73, 'admin', 'C4-1', 3117, '2023-08-28 13:12:38'),
(74, 'admin', 'C4-1', 73411, '2023-08-28 13:13:59'),
(75, 'admin', 'C4-1', 39882, '2023-08-28 13:14:40'),
(76, 'admin', 'C4-1', 22884, '2023-08-28 13:15:04'),
(77, 'admin', 'C4-1', 30260, '2023-08-28 13:15:35'),
(78, 'admin', 'C4-1', 18881, '2023-08-28 13:15:55'),
(79, 'admin', 'C4-1', 13898, '2023-08-28 13:16:10'),
(80, 'admin', 'C4-1', 5985, '2023-08-28 13:16:17'),
(81, 'admin', 'C4-1', 10706, '2023-08-28 13:16:29'),
(82, 'admin', 'C4-1', 3517, '2023-08-28 13:16:34'),
(83, 'admin', 'C4-1', 1162701, '2023-08-28 13:35:57'),
(84, 'admin', 'C4-1', 10762, '2023-08-28 13:36:09'),
(85, 'admin', 'C4-1', 23711, '2023-08-28 13:36:35'),
(86, 'admin', 'C4-1', 12186, '2023-08-28 13:36:48'),
(87, 'admin', 'C4-1', 3073, '2023-08-28 13:36:52'),
(88, 'admin', 'C4-1', 10863, '2023-08-28 13:37:15'),
(89, 'admin', 'C4-1', 10606, '2023-08-28 13:37:27'),
(90, 'admin', 'C4-1', 39550, '2023-08-28 13:38:07'),
(91, 'admin', 'C4-1', 1874706, '2023-08-28 14:09:23'),
(92, 'admin', 'C4-1', 1876214, '2023-08-28 14:09:25'),
(93, 'admin', 'C3-1', 2254, '2023-08-28 14:09:28'),
(94, 'admin', 'C3-0', 55730, '2023-08-28 14:10:24'),
(95, 'admin', 'C3-0', 17513, '2023-08-28 14:10:42'),
(96, 'admin', 'C3-0', 6276, '2023-08-28 14:10:49'),
(97, 'admin', 'C3-0', 7127, '2023-08-28 14:10:57'),
(98, 'admin', 'C3-0', 9909, '2023-08-28 14:11:08'),
(99, 'admin', 'C3-0', 63117, '2023-08-28 14:12:12'),
(100, 'admin', 'C3-0', 28471, '2023-08-28 14:12:42'),
(101, 'admin', 'C3-0', 21925, '2023-08-28 14:13:04'),
(102, 'admin', 'C3-0', 13002, '2023-08-28 14:13:18'),
(103, 'admin', 'C3-0', 17673, '2023-08-28 14:13:37'),
(104, 'admin', 'C3-0', 19275, '2023-08-28 14:13:57'),
(105, 'admin', 'C3-0', 10699, '2023-08-28 14:14:08'),
(106, 'admin', 'C3-0', 76611, '2023-08-28 14:15:26'),
(107, 'admin', 'C3-0', 8791, '2023-08-28 14:15:35'),
(108, 'admin', 'C3-0', 19509, '2023-08-28 14:15:56'),
(109, 'admin', 'C3-0', 11106, '2023-08-28 14:16:08'),
(110, 'admin', 'C3-0', 7060, '2023-08-28 14:16:16'),
(111, 'admin', 'C3-0', 87458, '2023-08-28 14:17:44'),
(112, 'admin', 'C3-0', 20991, '2023-08-28 14:18:06'),
(113, 'admin', 'C3-0', 295, '2023-08-28 14:18:07'),
(114, 'admin', 'C3-0', 23357, '2023-08-28 14:18:30'),
(115, 'admin', 'C3-0', 40085, '2023-08-28 14:19:11'),
(116, 'admin', 'C3-0', 45700, '2023-08-28 14:19:57'),
(117, 'admin', 'C3-0', 18160, '2023-08-28 14:20:16'),
(118, 'admin', 'C3-0', 73296, '2023-08-28 14:21:30'),
(119, 'admin', 'C3-0', 6796, '2023-08-28 14:21:38'),
(120, 'admin', 'C3-0', 15940, '2023-08-28 14:21:54'),
(121, 'admin', 'C3-0', 24243, '2023-08-28 14:22:20'),
(122, 'admin', 'C3-0', 1077514, '2023-08-28 14:40:18'),
(123, 'admin', 'C3-0', 10601, '2023-08-28 14:40:29'),
(124, 'admin', 'C3-0', 99671, '2023-08-28 14:42:10'),
(125, 'admin', 'C3-0', 1192, '2023-08-28 14:42:15'),
(126, 'admin', 'C3-0', 2201, '2023-08-28 14:42:19'),
(127, 'admin', 'C3-1', 2219, '2023-08-28 14:42:22'),
(128, 'admin', 'C3-1', 1892, '2023-08-28 14:42:25'),
(129, 'admin', 'C3-0', 15558, '2023-08-28 14:42:41'),
(130, 'admin', 'C3-0', 36008, '2023-08-28 14:43:28'),
(131, 'admin', 'C3-0', 25597, '2023-08-28 14:43:54'),
(132, 'admin', 'C3-0', 57841, '2023-08-28 14:44:53'),
(133, 'admin', 'C3-0', 51056, '2023-08-28 14:45:44'),
(134, 'admin', 'C3-0', 64444, '2023-08-28 14:46:51'),
(135, 'admin', 'C3-0', 68805, '2023-08-28 14:48:00'),
(136, 'admin', 'C3-0', 9891, '2023-08-28 14:48:11'),
(137, 'admin', 'C3-1', 183721, '2023-08-28 14:51:17'),
(138, 'admin', 'C3', 8316, '2023-08-28 14:51:30'),
(139, 'admin', 'C3-0', 4015, '2023-08-28 14:57:59'),
(140, 'admin', 'C3-0', 387319, '2023-08-28 14:58:02'),
(141, 'admin', 'C3-0', 21265, '2023-08-28 14:58:30'),
(142, 'admin', 'C3-0', 76870, '2023-08-28 14:59:47'),
(143, 'admin', 'C1-0', 10552, '2023-08-28 15:00:54'),
(144, 'admin', 'C2', 4653, '2023-08-28 15:01:00'),
(145, 'admin', 'C3-0', 1684, '2023-08-28 15:01:02'),
(146, 'admin', 'C3-0', 574, '2023-08-28 15:01:04'),
(147, 'admin', 'C3-0', 682, '2023-08-28 15:01:06'),
(148, 'admin', 'C3', 50400, '2023-08-28 15:01:57'),
(149, 'admin', 'C3', 4750, '2023-08-28 15:02:03'),
(150, 'admin', 'C4', 3230, '2023-08-28 15:02:10'),
(151, 'admin', 'C4-0', 1320, '2023-08-28 15:02:12'),
(152, 'admin', 'C4', 803, '2023-08-28 15:02:13'),
(153, 'admin', 'C4-0', 559, '2023-08-28 15:02:14'),
(154, 'admin', 'C4-0', 824, '2023-08-28 15:02:16'),
(155, 'admin', 'C3-0', 20547, '2023-08-28 15:02:37'),
(156, 'admin', 'C3-0', 52634, '2023-08-28 15:03:30'),
(157, 'admin', 'C3-0', 54224, '2023-08-28 15:03:31'),
(158, 'admin', 'C3-0', 1790, '2023-08-28 15:04:16'),
(159, 'admin', 'C3-0', 2605, '2023-08-28 15:04:17'),
(160, 'admin', 'C3', 590, '2023-08-28 15:04:18'),
(161, 'admin', 'C3-0', 299, '2023-08-28 15:04:19'),
(162, 'admin', 'C3-0', 22376, '2023-08-28 15:04:42'),
(163, 'admin', 'C3-0', 24165, '2023-08-28 15:04:44'),
(164, 'admin', 'C4-0', 3350, '2023-08-28 15:04:48'),
(165, 'admin', 'C4-1', 200864, '2023-08-28 15:08:10'),
(166, 'admin', 'C4-1', 1144, '2023-08-28 15:08:12'),
(167, 'admin', 'C4-0', 191797, '2023-08-28 15:11:25'),
(168, 'admin', 'C4-0', 230529, '2023-08-28 15:12:03'),
(169, 'admin', 'C4-1', 62062, '2023-08-28 15:14:05'),
(170, 'admin', 'C4-1', 13990, '2023-08-28 15:14:20'),
(171, 'admin', 'C4-1', 5721, '2023-08-28 15:14:27'),
(172, 'admin', 'C4-1', 5884, '2023-08-28 15:14:33'),
(173, 'admin', 'C3', 2178, '2023-08-28 15:15:06'),
(174, 'admin', 'C4', 1657, '2023-08-28 15:15:10'),
(175, 'admin', 'C4-0', 13356, '2023-08-28 15:15:27'),
(176, 'admin', 'C3-0', 20695, '2023-08-28 15:15:48'),
(177, 'admin', 'C3-1', 2416, '2023-08-28 15:15:52'),
(178, 'admin', 'C4-1', 69708, '2023-08-28 15:17:02'),
(179, 'admin', 'C4-1', 10424, '2023-08-28 15:17:14'),
(180, 'admin', 'C4-1', 7630, '2023-08-28 15:17:22'),
(181, 'admin', 'C4-1', 9298, '2023-08-28 15:17:32'),
(182, 'admin', 'C4-1', 5132, '2023-08-28 15:17:38'),
(183, 'admin', 'C4-1', 6298, '2023-08-28 15:17:45'),
(184, 'admin', 'C4-1', 5018, '2023-08-28 15:17:51'),
(185, 'admin', 'C4-1', 5172, '2023-08-28 15:17:57'),
(186, 'admin', 'C4-1', 4686, '2023-08-28 15:18:02'),
(187, 'admin', 'C4-1', 23975, '2023-08-28 15:18:27'),
(188, 'admin', 'C4-1', 2743, '2023-08-28 15:18:30'),
(189, 'admin', 'C4', 747, '2023-08-28 15:18:42'),
(190, 'admin', 'C4-1', 4741, '2023-08-28 15:18:47'),
(191, 'admin', 'C3-0', 20778, '2023-08-28 15:51:38'),
(192, 'admin', 'C3-0', 26476, '2023-08-28 15:51:44'),
(193, 'admin', 'C3', 400, '2023-08-28 16:32:48'),
(194, 'admin', 'C4-1', 110071, '2023-08-29 12:40:12'),
(195, 'admin', 'C4-1', 10222, '2023-08-29 12:40:23'),
(196, 'admin', 'C4-1', 2194749, '2023-08-29 13:16:58'),
(197, 'admin', 'C2-1', 96132, '2023-08-29 13:18:34'),
(198, 'admin', 'C2-1', 96847, '2023-08-29 13:18:35'),
(199, 'admin', 'C3-1', 44067, '2023-08-29 13:19:20'),
(200, 'admin', 'C2-1', 1119, '2023-08-29 14:08:16'),
(201, 'admin', 'C2-1', 40609, '2023-08-29 14:08:57'),
(202, 'admin', 'C2-1', 2683, '2023-08-29 14:09:01'),
(203, 'admin', 'C2-3', 25876, '2023-08-29 14:09:28'),
(204, 'admin', 'C2-3', 14112, '2023-08-29 14:09:43'),
(205, 'admin', 'C2-3', 37227, '2023-08-29 14:10:21'),
(206, 'admin', 'C2-3', 832, '2023-08-29 14:10:23'),
(207, 'admin', 'C2-3', 1491, '2023-08-29 14:10:24'),
(208, 'admin', 'C4-1', 1294, '2023-08-29 14:10:27'),
(209, 'admin', 'C4-2', 3418, '2023-08-29 14:10:31'),
(210, 'admin', 'C4-3', 1542, '2023-08-29 14:10:34'),
(211, 'admin', 'C3-2', 1694, '2023-08-29 14:10:37'),
(212, 'admin', 'C3-3', 1611, '2023-08-29 14:10:39'),
(213, 'admin', 'C2-1', 1917, '2023-08-29 14:10:42'),
(214, 'admin', 'C4-0', 3095297, '2023-08-29 14:10:55'),
(215, 'admin', 'C2-2', 3312747, '2023-08-29 15:05:55'),
(216, 'admin', 'C2-3', 849105, '2023-08-29 15:20:05'),
(217, 'admin', 'C2-1', 685441, '2023-08-29 15:31:32'),
(218, 'admin', 'C2-1', 152529, '2023-08-29 15:34:05'),
(219, 'admin', 'C2-1', 7980, '2023-08-29 15:34:14'),
(220, 'admin', 'C2-1', 113604, '2023-08-29 15:36:09'),
(221, 'admin', 'C2-1', 11230, '2023-08-29 15:36:21'),
(222, 'admin', 'C2-1', 106942, '2023-08-29 15:38:09'),
(223, 'admin', 'C2-1', 12719, '2023-08-29 15:38:23'),
(224, 'admin', 'C2-1', 1453114, '2023-08-29 16:02:37'),
(225, 'admin', 'C2', 542, '2023-08-29 16:02:54'),
(226, 'admin', 'C2-1', 64263, '2023-08-29 16:03:58'),
(227, 'admin', 'C2-1', 58325, '2023-08-29 16:04:57'),
(228, 'admin', 'C2-1', 86066, '2023-08-29 16:06:23'),
(229, 'admin', 'C2-1', 9399, '2023-08-29 16:06:33'),
(230, 'admin', 'C2-1', 255164, '2023-08-29 16:10:48'),
(231, 'admin', 'C2-1', 4965, '2023-08-29 16:10:54'),
(232, 'admin', 'C2-1', 65049, '2023-08-29 16:11:59'),
(233, 'admin', 'C2-1', 55542, '2023-08-29 16:12:55'),
(234, 'admin', 'C2-2', 13042, '2023-08-29 16:13:08'),
(235, 'admin', 'C2-2', 60339, '2023-08-29 16:14:09'),
(236, 'admin', 'C2-1', 857984, '2023-08-29 16:16:56'),
(237, 'admin', 'C2-2', 192686, '2023-08-29 16:17:22'),
(238, 'admin', 'C2-2', 34987, '2023-08-29 16:17:57'),
(239, 'admin', 'C2-2', 47860, '2023-08-29 16:18:45'),
(240, 'admin', 'C2-2', 23892, '2023-08-29 16:19:10'),
(241, 'admin', 'C2-3', 12001, '2023-08-29 16:19:23'),
(242, 'admin', 'C3-1', 25580, '2023-08-29 16:19:48'),
(243, 'admin', 'C4-1', 3819553, '2023-08-29 17:23:28'),
(244, 'admin', 'C2-1', 59463, '2023-08-29 17:25:51'),
(245, 'admin', 'C2-1', 69529, '2023-08-29 17:27:01'),
(246, 'admin', 'C2-1', 13186, '2023-08-29 17:27:19'),
(247, 'admin', 'C2-2', 13434, '2023-08-29 17:27:33'),
(248, 'admin', 'C2-3', 12603, '2023-08-29 17:27:46'),
(249, 'admin', 'C3-1', 1933, '2023-08-29 17:27:48'),
(250, 'admin', 'C3-0', 4473, '2023-08-29 17:27:53'),
(251, 'admin', 'C3-1', 9586, '2023-08-29 17:28:03'),
(252, 'admin', 'C4-0', 4984, '2023-08-29 17:28:09'),
(253, 'admin', 'C4-0', 2682, '2023-08-29 17:28:12'),
(254, 'admin', 'C4-1', 10907, '2023-08-29 17:28:23'),
(255, 'admin', 'C4-1', 11675, '2023-08-29 17:28:24'),
(256, 'admin', 'C4-2', 1343, '2023-08-29 17:28:25'),
(257, 'admin', 'C4-3', 1498, '2023-08-29 17:28:27'),
(258, 'admin', 'C2-2', 1597, '2023-08-29 17:28:29'),
(259, 'admin', 'C3-2', 1628, '2023-08-29 17:28:31'),
(260, 'admin', 'C3-3', 403399, '2023-08-29 17:35:15'),
(261, 'admin', 'C3-3', 405139, '2023-08-29 17:35:17'),
(262, 'admin', 'C4-1', 185234, '2023-08-29 17:38:23'),
(263, 'admin', 'C2-1', 211268, '2023-08-29 17:41:55'),
(264, 'admin', 'C2-1', 29779, '2023-08-29 17:42:26'),
(265, 'admin', 'C2-1', 14852, '2023-08-29 17:42:42'),
(266, 'admin', 'C2-1', 32458, '2023-08-29 17:43:15'),
(267, 'admin', 'C2-1', 30856, '2023-08-29 17:43:47'),
(268, 'admin', 'C2-1', 14440, '2023-08-29 17:44:02'),
(269, 'admin', 'C2-1', 13529, '2023-08-29 17:44:17'),
(270, 'admin', 'C2-1', 5144, '2023-08-29 17:44:23'),
(271, 'admin', 'C2-1', 13636, '2023-08-29 17:44:38'),
(272, 'admin', 'C2-1', 630495, '2023-08-29 17:55:09'),
(273, 'admin', 'C2-1', 201891, '2023-08-29 17:58:32'),
(274, 'admin', 'C2-1', 7316, '2023-08-29 17:58:40'),
(275, 'admin', 'C2-1', 4813, '2023-08-29 17:58:54'),
(276, 'admin', 'C3-1', 29874, '2023-08-29 17:59:26'),
(277, 'admin', 'C3-1', 21744, '2023-08-29 17:59:48'),
(278, 'admin', 'C3-1', 74538, '2023-08-29 18:01:03'),
(279, 'admin', 'C3-1', 200325, '2023-08-29 18:04:34'),
(280, 'admin', 'C3-1', 350808, '2023-08-29 18:10:26'),
(281, 'admin', 'C3-1', 13968, '2023-08-29 18:10:41'),
(282, 'admin', 'C2-1', 25461, '2023-08-29 18:11:07'),
(283, 'admin', 'C2-1', 16588, '2023-08-29 18:11:24'),
(284, 'admin', 'C2-1', 152028, '2023-08-29 18:13:57'),
(285, 'admin', 'C2-1', 14917, '2023-08-29 18:14:13'),
(286, 'admin', 'C2-1', 84665, '2023-08-29 18:15:23'),
(287, 'admin', 'C2-1', 86835, '2023-08-29 18:15:25'),
(288, 'admin', 'C2-1', 144079, '2023-08-29 18:17:56'),
(289, 'admin', 'C2-1', 6684, '2023-08-29 18:18:04'),
(290, 'admin', 'C2-1', 117415, '2023-08-29 18:20:08'),
(291, 'admin', 'C2-1', 2236337, '2023-08-29 18:57:25'),
(292, 'admin', 'C2-1', 39943, '2023-08-29 18:58:06'),
(293, 'admin', 'C2-1', 37284, '2023-08-29 18:58:43'),
(294, 'admin', 'C2-1', 4358, '2023-08-29 18:58:48'),
(295, 'admin', 'C2-1', 7571, '2023-08-29 18:58:57'),
(296, 'admin', 'C2-1', 6227, '2023-08-29 18:59:04'),
(297, 'admin', 'C2-1', 9353, '2023-08-29 18:59:14'),
(298, 'admin', 'C2-1', 5818, '2023-08-29 18:59:20'),
(299, 'admin', 'C2-1', 23329, '2023-08-29 18:59:44'),
(300, 'admin', 'C2-1', 43355, '2023-08-29 19:00:28'),
(301, 'admin', 'C2-1', 191908, '2023-08-29 19:03:42'),
(302, 'admin', 'C2-1', 16659, '2023-08-29 19:03:59'),
(303, 'admin', 'C2-1', 31651, '2023-08-29 19:04:32'),
(304, 'admin', 'C2-1', 64657, '2023-08-29 19:05:38'),
(305, 'admin', 'C2-1', 6885, '2023-08-29 19:05:45'),
(306, 'admin', 'C2-1', 10492, '2023-08-29 19:05:56'),
(307, 'admin', 'C2-1', 10860, '2023-08-29 19:06:07'),
(308, 'admin', 'C2-1', 8903, '2023-08-29 19:06:17'),
(309, 'admin', 'C2-1', 69899, '2023-08-29 19:07:27'),
(310, 'admin', 'C2-1', 22159, '2023-08-29 19:07:49'),
(311, 'admin', 'C2-1', 4971, '2023-08-29 19:07:55'),
(312, 'admin', 'C2-1', 17091, '2023-08-29 19:08:12'),
(313, 'admin', 'C2-1', 46898, '2023-08-29 19:08:59'),
(314, 'admin', 'C2-1', 13643, '2023-08-29 19:09:13'),
(315, 'admin', 'C2-1', 5877, '2023-08-29 19:09:20'),
(316, 'admin', 'C2-1', 8595, '2023-08-29 19:09:28'),
(317, 'admin', 'C2-1', 10209, '2023-08-29 19:09:39'),
(318, 'admin', 'C2-1', 8802, '2023-08-29 19:09:48'),
(319, 'admin', 'C2-1', 2115312, '2023-08-29 19:45:04'),
(320, 'admin', 'C2-1', 12954, '2023-08-29 19:45:17'),
(321, 'admin', 'C2-1', 20347, '2023-08-29 19:45:38'),
(322, 'admin', 'C2-1', 4464, '2023-08-29 19:45:42'),
(323, 'admin', 'C2-1', 7707, '2023-08-29 19:45:50'),
(324, 'admin', 'C2-1', 35364, '2023-08-29 19:46:26'),
(325, 'admin', 'C2-1', 7838, '2023-08-29 19:46:34'),
(326, 'admin', 'C2-1', 69524, '2023-08-29 19:47:44'),
(327, 'admin', 'C2-1', 9255, '2023-08-29 19:47:53'),
(328, 'admin', 'C2-1', 15659, '2023-08-29 19:48:09'),
(329, 'admin', 'C2-1', 9776, '2023-08-29 19:48:20'),
(330, 'admin', 'C2-1', 10159, '2023-08-29 19:48:30'),
(331, 'admin', 'C2-1', 9044, '2023-08-29 19:48:39'),
(332, 'admin', 'C2-1', 325668, '2023-08-29 19:54:05'),
(333, 'admin', 'C2-1', 6232, '2023-08-29 19:54:13'),
(334, 'admin', 'C2-1', 148626, '2023-08-29 19:56:48'),
(335, 'admin', 'C2-1', 41737, '2023-08-29 19:57:31'),
(336, 'admin', 'C2-1', 20249, '2023-08-29 19:57:52'),
(337, 'admin', 'C2-1', 19455, '2023-08-29 19:58:12'),
(338, 'admin', 'C2-1', 45034, '2023-08-29 19:58:58'),
(339, 'admin', 'C2-1', 65299, '2023-08-29 20:00:04'),
(340, 'admin', 'C2-1', 32295, '2023-08-29 20:00:38'),
(341, 'admin', 'C2-1', 70792, '2023-08-29 20:01:50'),
(342, 'admin', 'C2-1', 22672, '2023-08-29 20:02:13'),
(343, 'admin', 'C2-1', 19211, '2023-08-29 20:02:34'),
(344, 'admin', 'C2-1', 29658, '2023-08-29 20:03:05'),
(345, 'admin', 'C2-1', 16168, '2023-08-29 20:03:22'),
(346, 'admin', 'C2-1', 37112, '2023-08-29 20:04:01'),
(347, 'admin', 'C2-1', 33849, '2023-08-29 20:04:36'),
(348, 'admin', 'C2-1', 18334, '2023-08-29 20:04:55'),
(349, 'admin', 'C2-1', 8174, '2023-08-29 20:05:04'),
(350, 'admin', 'C2-1', 98527, '2023-08-29 20:06:44'),
(351, 'admin', 'C2-1', 10777, '2023-08-29 20:06:55'),
(352, 'admin', 'C2-1', 5907, '2023-08-29 20:07:02'),
(353, 'admin', 'C2-1', 7526, '2023-08-29 20:07:10'),
(354, 'admin', 'C2-1', 10561, '2023-08-29 20:07:13'),
(355, 'admin', 'C2-1', 5659, '2023-08-29 20:07:20'),
(356, 'admin', 'C2-1', 9576, '2023-08-29 20:07:24'),
(357, 'admin', 'C2-1', 36272, '2023-08-29 20:08:01'),
(358, 'admin', 'C2-1', 7172, '2023-08-29 20:08:09'),
(359, 'admin', 'C2-1', 79786, '2023-08-29 20:09:30'),
(360, 'admin', 'C2-1', 28784, '2023-08-29 20:09:59'),
(361, 'admin', 'C2-1', 4335, '2023-08-29 20:10:04'),
(362, 'admin', 'C2-1', 13512, '2023-08-29 20:10:29'),
(363, 'admin', 'C2-1', 62618, '2023-08-29 20:11:32'),
(364, 'admin', 'C2-1', 8193, '2023-08-29 20:11:41'),
(365, 'admin', 'C2-1', 9426, '2023-08-29 20:11:51'),
(366, 'admin', 'C2-1', 6184, '2023-08-29 20:11:59'),
(367, 'admin', 'C2-1', 10445, '2023-08-29 20:12:10'),
(368, 'admin', 'C2-1', 5840, '2023-08-29 20:12:16'),
(369, 'admin', 'C2-1', 30715, '2023-08-29 20:12:48'),
(370, 'admin', 'C2-1', 15051, '2023-08-29 20:13:12'),
(371, 'admin', 'C2-1', 5539, '2023-08-29 20:13:19'),
(372, 'admin', 'C2-1', 28857, '2023-08-29 20:13:49'),
(373, 'admin', 'C2-1', 31364, '2023-08-29 20:13:51'),
(374, 'admin', 'C2-1', 32966, '2023-08-29 20:13:53'),
(375, 'admin', 'C2-1', 6544, '2023-08-29 20:14:11'),
(376, 'admin', 'C2-1', 8156, '2023-08-29 20:14:20'),
(377, 'admin', 'C2-1', 16844, '2023-08-29 20:14:37'),
(378, 'admin', 'C2-1', 9824, '2023-08-29 20:14:48'),
(379, 'admin', 'C2-1', 8374, '2023-08-29 20:14:57'),
(380, 'admin', 'C2-1', 72266, '2023-08-29 20:16:10'),
(381, 'admin', 'C2-1', 29451, '2023-08-29 20:16:40'),
(382, 'admin', 'C2-1', 53135, '2023-08-29 20:17:34'),
(383, 'admin', 'C2-1', 58495, '2023-08-29 20:17:40'),
(384, 'admin', 'C2-1', 16069, '2023-08-29 20:17:56'),
(385, 'admin', 'C2-1', 7745, '2023-08-29 20:18:05'),
(386, 'admin', 'C2-1', 11902, '2023-08-29 20:18:18'),
(387, 'admin', 'C2-1', 16318, '2023-08-29 20:18:35'),
(388, 'admin', 'C2-1', 4770, '2023-08-29 20:18:41'),
(389, 'admin', 'C2-1', 32069, '2023-08-29 20:19:14'),
(390, 'admin', 'C2-1', 4401, '2023-08-29 20:19:19'),
(391, 'admin', 'C2-1', 67401, '2023-08-29 20:20:35'),
(392, 'admin', 'C2-1', 45361, '2023-08-29 20:21:32'),
(393, 'admin', 'C2-1', 12242, '2023-08-29 20:21:45'),
(394, 'admin', 'C2-1', 41736, '2023-08-29 20:22:28'),
(395, 'admin', 'C2-1', 34268, '2023-08-29 20:23:03'),
(396, 'admin', 'C2-1', 28181, '2023-08-29 20:23:32'),
(397, 'admin', 'C2-1', 14368, '2023-08-29 20:23:47'),
(398, 'admin', 'C2-1', 13573, '2023-08-29 20:24:02'),
(399, 'admin', 'C2-1', 9130, '2023-08-29 20:24:12'),
(400, 'admin', 'C2-1', 8671, '2023-08-29 20:24:21'),
(401, 'admin', 'C2-1', 7038, '2023-08-29 20:24:29'),
(402, 'admin', 'C2-1', 7702, '2023-08-29 20:24:37'),
(403, 'admin', 'C2-1', 6478, '2023-08-29 20:24:44'),
(404, 'admin', 'C2-1', 19169, '2023-08-29 20:25:04'),
(405, 'admin', 'C2-1', 62230, '2023-08-29 20:26:08'),
(406, 'admin', 'C2-1', 78937, '2023-08-29 20:27:27'),
(407, 'admin', 'C2-1', 10409, '2023-08-29 20:27:38'),
(408, 'admin', 'C2-1', 57240, '2023-08-29 20:28:36'),
(409, 'admin', 'C2', 483, '2023-08-29 20:28:42'),
(410, 'admin', 'C2-1', 38575, '2023-08-29 20:29:22'),
(411, 'admin', 'C2-1', 20186, '2023-08-29 20:29:42'),
(412, 'admin', 'C2-1', 33966, '2023-08-29 20:30:17'),
(413, 'admin', 'C2-1', 269845, '2023-08-29 20:34:47'),
(414, 'admin', 'C2-1', 144621, '2023-08-29 20:37:12'),
(415, 'admin', 'C2-1', 24112, '2023-08-29 20:37:37'),
(416, 'admin', 'C2-1', 144244, '2023-08-29 20:40:01'),
(417, 'admin', 'C2-1', 21503, '2023-08-29 20:40:23'),
(418, 'admin', 'C2-1', 48297, '2023-08-29 20:41:29'),
(419, 'admin', 'C2-1', 8789, '2023-08-29 20:41:38'),
(420, 'admin', 'C2-1', 81544, '2023-08-29 20:43:11'),
(421, 'admin', 'C2-1', 198810, '2023-08-29 20:46:29'),
(422, 'admin', 'C2-1', 18501, '2023-08-29 20:46:49'),
(423, 'admin', 'C2-1', 5793, '2023-08-29 20:46:55'),
(424, 'admin', 'C2-1', 16172, '2023-08-29 20:47:19'),
(425, 'admin', 'C2-1', 216090, '2023-08-29 20:50:56'),
(426, 'admin', 'C2-1', 78315, '2023-08-29 20:52:15'),
(427, 'admin', 'C2-1', 23054, '2023-08-29 20:52:38'),
(428, 'admin', 'C2-1', 40476, '2023-08-29 20:53:19'),
(429, 'admin', 'C2-1', 441171, '2023-08-29 21:00:41'),
(430, 'admin', 'C2-1', 236477, '2023-08-29 21:04:37'),
(431, 'admin', 'C2-1', 7558, '2023-08-29 21:04:46'),
(432, 'admin', 'C2-1', 36822, '2023-08-29 21:05:32'),
(433, 'admin', 'C2-1', 3736, '2023-08-29 21:05:37'),
(434, 'admin', 'C2-1', 149305, '2023-08-29 21:08:15'),
(435, 'admin', 'C2-1', 69109, '2023-08-29 21:09:25'),
(436, 'admin', 'C2-1', 39153, '2023-08-29 21:10:05'),
(437, 'admin', 'C2-1', 957, '2023-08-29 21:10:24'),
(438, 'admin', 'C2-1', 36291, '2023-08-29 21:11:30'),
(439, 'admin', 'C2-1', 9780, '2023-08-29 21:11:40'),
(440, 'admin', 'C2-1', 49902, '2023-08-29 21:12:31'),
(441, 'admin', 'C2-1', 29427, '2023-08-29 21:13:01'),
(442, 'admin', 'C2-1', 12565, '2023-08-29 21:13:14'),
(443, 'admin', 'C2-1', 43755, '2023-08-29 21:13:58'),
(444, 'admin', 'C2-1', 44608, '2023-08-29 21:13:59'),
(445, 'admin', 'C2-1', 34405, '2023-08-29 21:14:33'),
(446, 'admin', 'C2-1', 1278772, '2023-08-29 21:35:53'),
(447, 'admin', 'C2-1', 34241, '2023-08-29 21:36:28'),
(448, 'admin', 'C2-1', 58075, '2023-08-29 21:37:26'),
(449, 'admin', 'C2-1', 67323, '2023-08-29 21:38:34'),
(450, 'admin', 'C2-1', 26585, '2023-08-29 21:39:01'),
(451, 'admin', 'C2-1', 90436, '2023-08-29 21:40:31'),
(452, 'admin', 'C2-1', 73443, '2023-08-29 21:41:45'),
(453, 'admin', 'C2-1', 72783, '2023-08-29 21:43:17'),
(454, 'admin', 'C2-2', 53791, '2023-08-29 21:44:11'),
(455, 'admin', 'C2-2', 305532, '2023-08-29 21:49:17'),
(456, 'admin', 'C2-2', 60960, '2023-08-29 21:50:18'),
(457, 'admin', 'C2-1', 273277, '2023-08-29 21:54:52'),
(458, 'admin', 'C2-2', 14328, '2023-08-29 21:55:07'),
(459, 'admin', 'C2-2', 18937, '2023-08-29 21:55:35'),
(460, 'admin', 'C2-2', 25166, '2023-08-29 21:56:01'),
(461, 'admin', 'C2-2', 391910, '2023-08-29 22:02:33'),
(462, 'admin', 'C2-1', 100301, '2023-08-29 22:04:22'),
(463, 'admin', 'C2-1', 62269, '2023-08-29 22:05:25'),
(464, 'admin', 'C2-1', 10163, '2023-08-29 22:05:35'),
(465, 'admin', 'C2-2', 184189, '2023-08-29 22:08:40'),
(466, 'admin', 'C2-2', 16824, '2023-08-29 22:08:57'),
(467, 'admin', 'C2-2', 8852, '2023-08-29 22:09:06'),
(468, 'admin', 'C2-2', 5513, '2023-08-29 22:09:12'),
(469, 'admin', 'C2-2', 13352, '2023-08-29 22:09:26'),
(470, 'admin', 'C2-2', 5454, '2023-08-29 22:09:32'),
(471, 'admin', 'C2-2', 9066, '2023-08-29 22:09:41'),
(472, 'admin', 'C2-2', 5452, '2023-08-29 22:09:47'),
(473, 'admin', 'C2-1', 4547, '2023-08-29 22:09:52'),
(474, 'admin', 'C3-2', 2008, '2023-08-29 22:09:54'),
(475, 'admin', 'C2-2', 13389, '2023-08-29 22:10:08'),
(476, 'admin', 'C2-2', 6661, '2023-08-29 22:10:15'),
(477, 'admin', 'C2-2', 6608, '2023-08-29 22:10:22'),
(478, 'admin', 'C2-2', 3948, '2023-08-29 22:10:26'),
(479, 'admin', 'C2-2', 4120, '2023-08-29 22:10:30'),
(480, 'admin', 'C2-2', 13125, '2023-08-29 22:10:44'),
(481, 'admin', 'C2-2', 15275, '2023-08-29 22:10:59'),
(482, 'admin', 'C2-2', 13356, '2023-08-29 22:11:13'),
(483, 'admin', 'C2-2', 40079, '2023-08-29 22:11:53'),
(484, 'admin', 'C2-2', 10621, '2023-08-29 22:12:04'),
(485, 'admin', 'C2-2', 9769, '2023-08-29 22:12:14'),
(486, 'admin', 'C2-2', 49939, '2023-08-29 22:13:05'),
(487, 'admin', 'C2-2', 31839, '2023-08-29 22:13:37'),
(488, 'admin', 'C2-2', 16080, '2023-08-29 22:13:53'),
(489, 'admin', 'C2-2', 314182, '2023-08-29 22:19:08'),
(490, 'admin', 'C2-3', 64423, '2023-08-29 22:20:13'),
(491, 'admin', 'C2-3', 238723, '2023-08-29 22:24:12'),
(492, 'admin', 'C2-3', 34249, '2023-08-29 22:24:47'),
(493, 'admin', 'C2-3', 6645, '2023-08-29 22:24:54'),
(494, 'admin', 'C2-3', 38240, '2023-08-29 22:25:42'),
(495, 'admin', 'C2-3', 537062, '2023-08-29 22:34:40'),
(496, 'admin', 'C2-3', 36420, '2023-08-29 22:35:16'),
(497, 'admin', 'C2-3', 11744, '2023-08-29 22:35:28'),
(498, 'admin', 'C2-3', 6344, '2023-08-29 22:35:35'),
(499, 'admin', 'C2-3', 3897, '2023-08-29 22:35:39'),
(500, 'admin', 'C2-3', 28234, '2023-08-29 22:36:08'),
(501, 'admin', 'C2-3', 14285, '2023-08-29 22:36:22'),
(502, 'admin', 'C2-3', 14288, '2023-08-29 22:36:37'),
(503, 'admin', 'C2-3', 7202, '2023-08-29 22:36:44'),
(504, 'admin', 'C2-3', 12933, '2023-08-29 22:36:57'),
(505, 'admin', 'C2-3', 39890, '2023-08-29 22:37:38'),
(506, 'admin', 'C2-3', 10131, '2023-08-29 22:37:48'),
(507, 'admin', 'C2-3', 5935, '2023-08-29 22:37:54'),
(508, 'admin', 'C2-3', 49130, '2023-08-29 22:38:44'),
(509, 'admin', 'C2-3', 24927, '2023-08-29 22:39:09'),
(510, 'admin', 'C2-3', 7784, '2023-08-29 22:39:17'),
(511, 'admin', 'C2-3', 47986, '2023-08-29 22:40:05'),
(512, 'admin', 'C2-3', 80862, '2023-08-29 22:41:26'),
(513, 'admin', 'C2-3', 32972, '2023-08-29 22:41:59'),
(514, 'admin', 'C2-3', 13524, '2023-08-29 22:42:13'),
(515, 'admin', 'C2-3', 13359, '2023-08-29 22:42:27'),
(516, 'admin', 'C2-3', 8347, '2023-08-29 22:42:35'),
(517, 'admin', 'C2-3', 3473, '2023-08-29 22:42:39'),
(518, 'admin', 'C2-3', 3242, '2023-08-29 22:42:43'),
(519, 'admin', 'C2-3', 20472, '2023-08-29 22:43:13'),
(520, 'admin', 'C2-3', 14882, '2023-08-29 22:43:28'),
(521, 'admin', 'C2-3', 45757, '2023-08-29 22:44:14'),
(522, 'admin', 'C2-3', 54943, '2023-08-29 22:45:09'),
(523, 'admin', 'C2-3', 43663, '2023-08-29 22:45:53'),
(524, 'admin', 'C2-3', 21299, '2023-08-29 22:46:16'),
(525, 'admin', 'C2-3', 8782, '2023-08-29 22:46:25'),
(526, 'admin', 'C2-3', 33489, '2023-08-29 22:46:59'),
(527, 'admin', 'C2-3', 10204, '2023-08-29 22:47:09'),
(528, 'admin', 'C2-3', 40600, '2023-08-29 22:47:51'),
(529, 'admin', 'C2-3', 28931, '2023-08-29 22:48:20'),
(530, 'admin', 'C2-3', 44103, '2023-08-29 22:49:05'),
(531, 'admin', 'C2-3', 29959, '2023-08-29 22:49:35'),
(532, 'admin', 'C2-3', 24589, '2023-08-29 22:50:00'),
(533, 'admin', 'C2-3', 3668, '2023-08-29 22:50:12'),
(534, 'admin', 'C2-1', 4632, '2023-08-29 22:50:17'),
(535, 'admin', 'C2-3', 363086, '2023-08-29 22:56:20'),
(536, 'admin', 'C2-3', 35272, '2023-08-29 22:56:56'),
(537, 'admin', 'C2-3', 12420, '2023-08-29 22:57:09'),
(538, 'admin', 'C2-3', 43714, '2023-08-29 22:57:53'),
(539, 'admin', 'C2-3', 30476, '2023-08-29 22:58:24'),
(540, 'admin', 'C2-3', 40446, '2023-08-29 22:59:04'),
(541, 'admin', 'C2-3', 12801, '2023-08-29 22:59:17'),
(542, 'admin', 'C2-3', 85005, '2023-08-29 23:00:43'),
(543, 'admin', 'C2-3', 8407, '2023-08-29 23:00:51'),
(544, 'admin', 'C2-3', 11465, '2023-08-29 23:01:03'),
(545, 'admin', 'C2-3', 43743, '2023-08-29 23:01:47'),
(546, 'admin', 'C2-3', 14637, '2023-08-29 23:02:02'),
(547, 'admin', 'C2-3', 7805, '2023-08-29 23:02:10'),
(548, 'admin', 'C2-3', 41792, '2023-08-29 23:02:52'),
(549, 'admin', 'C2-3', 91379, '2023-08-29 23:04:24'),
(550, 'admin', 'C2-3', 17412, '2023-08-29 23:04:41'),
(551, 'admin', 'C2-3', 11080, '2023-08-29 23:04:53'),
(552, 'admin', 'C2-3', 19128, '2023-08-29 23:05:12'),
(553, 'admin', 'C2-3', 8827, '2023-08-29 23:05:21'),
(554, 'admin', 'C2-3', 21212, '2023-08-29 23:05:42'),
(555, 'admin', 'C2-3', 41941, '2023-08-29 23:06:25'),
(556, 'admin', 'C2-3', 269678, '2023-08-29 23:10:55'),
(557, 'admin', 'C2-3', 63060, '2023-08-29 23:11:58'),
(558, 'admin', 'C2-3', 23763, '2023-08-29 23:12:22'),
(559, 'admin', 'C2-3', 59275, '2023-08-29 23:13:21'),
(560, 'admin', 'C2-3', 34689, '2023-08-29 23:13:56'),
(561, 'admin', 'C2-3', 37329, '2023-08-29 23:14:34'),
(562, 'admin', 'C2-3', 26284, '2023-08-29 23:15:00'),
(563, 'admin', 'C2-3', 31893, '2023-08-29 23:15:33'),
(564, 'admin', 'C2-3', 54840, '2023-08-29 23:16:28'),
(565, 'admin', 'C2-3', 11306, '2023-08-29 23:16:39'),
(566, 'admin', 'C2-3', 47085, '2023-08-29 23:17:27'),
(567, 'admin', 'C2-3', 21640, '2023-08-29 23:17:48'),
(568, 'admin', 'C2-3', 12222, '2023-08-29 23:18:01'),
(569, 'admin', 'C2-3', 7812, '2023-08-29 23:18:09'),
(570, 'admin', 'C2-3', 510223, '2023-08-29 23:26:39'),
(571, 'admin', 'C2-3', 111884, '2023-08-29 23:28:32'),
(572, 'admin', 'C2-3', 16531, '2023-08-29 23:28:48'),
(573, 'admin', 'C2-3', 18429, '2023-08-29 23:29:07'),
(574, 'admin', 'C2-3', 9547, '2023-08-29 23:29:17'),
(575, 'admin', 'C2-3', 30858, '2023-08-29 23:29:48'),
(576, 'admin', 'C2-3', 10620, '2023-08-29 23:29:59'),
(577, 'admin', 'C2-3', 8331, '2023-08-29 23:30:08'),
(578, 'admin', 'C2-3', 42553, '2023-08-29 23:30:51'),
(579, 'admin', 'C2-3', 9199, '2023-08-29 23:31:00'),
(580, 'admin', 'C2-3', 9694, '2023-08-29 23:31:10'),
(581, 'admin', 'C2-3', 7672, '2023-08-29 23:31:18'),
(582, 'admin', 'C2-3', 7983, '2023-08-29 23:31:26'),
(583, 'admin', 'C2-3', 25449, '2023-08-29 23:31:52'),
(584, 'admin', 'C2-3', 6398, '2023-08-29 23:31:59'),
(585, 'admin', 'C2-3', 27904, '2023-08-29 23:32:27'),
(586, 'admin', 'C2-3', 15066, '2023-08-29 23:32:52'),
(587, 'admin', 'C2-3', 26518, '2023-08-29 23:33:19'),
(588, 'admin', 'C2-3', 7888, '2023-08-29 23:33:27'),
(589, 'admin', 'C2-3', 9552, '2023-08-29 23:33:37'),
(590, 'admin', 'C2-3', 67266, '2023-08-29 23:34:45'),
(591, 'admin', 'C2-3', 52193, '2023-08-29 23:35:37'),
(592, 'admin', 'C2-3', 65218, '2023-08-29 23:36:43'),
(593, 'admin', 'C2-3', 16434, '2023-08-29 23:36:59'),
(594, 'admin', 'C2-3', 10416, '2023-08-29 23:37:10'),
(595, 'admin', 'C2-3', 7301, '2023-08-29 23:37:18'),
(596, 'admin', 'C2-3', 39298, '2023-08-29 23:37:57'),
(597, 'admin', 'C2-3', 9286, '2023-08-29 23:38:07'),
(598, 'admin', 'C2-3', 10621, '2023-08-29 23:38:18'),
(599, 'admin', 'C2-3', 10665, '2023-08-29 23:38:28'),
(600, 'admin', 'C2-3', 40118, '2023-08-29 23:39:09'),
(601, 'admin', 'C2-3', 55542, '2023-08-29 23:40:05'),
(602, 'admin', 'C2-3', 71252, '2023-08-29 23:41:16'),
(603, 'admin', 'C2-3', 86578, '2023-08-29 23:42:43'),
(604, 'admin', 'C2-3', 40527, '2023-08-29 23:43:24'),
(605, 'admin', 'C2-3', 12959, '2023-08-29 23:43:38'),
(606, 'admin', 'C2-3', 100541, '2023-08-29 23:45:24'),
(607, 'admin', 'C2-3', 35822, '2023-08-29 23:46:00'),
(608, 'admin', 'C2-3', 215951, '2023-08-29 23:49:37'),
(609, 'admin', 'C2-3', 29304, '2023-08-29 23:50:16'),
(610, 'admin', 'C2-3', 42390, '2023-08-29 23:50:59'),
(611, 'admin', 'C2-1', 75509, '2023-08-29 23:52:16'),
(612, 'admin', 'C2-1', 7978, '2023-08-29 23:52:24'),
(613, 'admin', 'C2-1', 30056, '2023-08-29 23:53:03'),
(614, 'admin', 'C2-1', 54858, '2023-08-29 23:53:59'),
(615, 'admin', 'C2-1', 3060, '2023-08-30 11:33:03'),
(616, 'admin', 'C2', 11549, '2023-08-30 11:33:16'),
(617, 'admin', 'C1', 295, '2023-08-30 11:36:32'),
(618, 'admin', 'C1', 2241, '2023-08-30 11:36:34'),
(619, 'admin', 'C2-1', 731227, '2023-08-30 11:49:00'),
(620, 'admin', 'C2-2', 60962, '2023-08-30 11:50:02'),
(621, 'admin', 'C2-2', 5190542, '2023-08-30 13:16:33'),
(622, 'admin', 'C2-2', 674696, '2023-08-30 13:27:49'),
(623, 'admin', 'C2-2', 5891, '2023-08-30 13:27:55'),
(624, 'admin', 'C2-2', 16627, '2023-08-30 13:28:12'),
(625, 'admin', 'C2-2', 9013, '2023-08-30 13:28:21'),
(626, 'admin', 'C2-2', 5498, '2023-08-30 13:28:27'),
(627, 'admin', 'C2-2', 7945, '2023-08-30 13:28:35'),
(628, 'admin', 'C2-2', 4882, '2023-08-30 13:28:40'),
(629, 'admin', 'C2-2', 7438, '2023-08-30 13:28:48'),
(630, 'admin', 'C2-2', 1205574, '2023-08-30 13:48:54'),
(631, 'admin', 'C2-2', 23238, '2023-08-30 13:49:17'),
(632, 'admin', 'C2-2', 11946, '2023-08-30 13:49:30'),
(633, 'admin', 'C2-2', 18739, '2023-08-30 13:49:49'),
(634, 'admin', 'C2-2', 6773, '2023-08-30 13:49:56'),
(635, 'admin', 'C2-2', 67636, '2023-08-30 13:51:04'),
(636, 'admin', 'C2-2', 15579, '2023-08-30 13:51:19'),
(637, 'admin', 'C2-2', 8880, '2023-08-30 13:51:29'),
(638, 'admin', 'C2-2', 11592, '2023-08-30 13:51:41'),
(639, 'admin', 'C2-2', 23030, '2023-08-30 13:52:04'),
(640, 'admin', 'C2-2', 63369, '2023-08-30 13:53:07'),
(641, 'admin', 'C2-2', 837730, '2023-08-30 14:07:05'),
(642, 'admin', 'C2-2', 11903, '2023-08-30 14:07:18'),
(643, 'admin', 'C2-2', 9349, '2023-08-30 14:07:27'),
(644, 'admin', 'C2-2', 47176, '2023-08-30 14:08:15'),
(645, 'admin', 'C2-2', 16459, '2023-08-30 14:08:31'),
(646, 'admin', 'C2-2', 10556, '2023-08-30 14:08:42'),
(647, 'admin', 'C2-2', 4459, '2023-08-30 14:08:47'),
(648, 'admin', 'C2-2', 13057, '2023-08-30 14:09:00'),
(649, 'admin', 'C2-2', 9096, '2023-08-30 14:09:09'),
(650, 'admin', 'C2-2', 504309, '2023-08-30 14:17:34'),
(651, 'admin', 'C2-2', 10590, '2023-08-30 14:17:45'),
(652, 'admin', 'C2-2', 16306, '2023-08-30 14:18:03'),
(653, 'admin', 'C2-2', 7573, '2023-08-30 14:18:12'),
(654, 'admin', 'C2-2', 12151, '2023-08-30 14:18:25'),
(655, 'admin', 'C2-2', 1866, '2023-08-30 14:18:28'),
(656, 'admin', 'C2-2', 8737, '2023-08-30 14:18:37'),
(657, 'admin', 'C2-2', 7355, '2023-08-30 14:18:44'),
(658, 'admin', 'C2-2', 15387, '2023-08-30 14:19:00'),
(659, 'admin', 'C2-2', 74370, '2023-08-30 14:20:14'),
(660, 'admin', 'C2-2', 28649, '2023-08-30 14:20:43'),
(661, 'admin', 'C2-2', 8720, '2023-08-30 14:20:52'),
(662, 'admin', 'C2-2', 51347, '2023-08-30 14:21:43'),
(663, 'admin', 'C2-2', 17560, '2023-08-30 14:22:01'),
(664, 'admin', 'C2-2', 17370, '2023-08-30 14:22:19'),
(665, 'admin', 'C2-2', 13547, '2023-08-30 14:22:32'),
(666, 'admin', 'C2-2', 5840, '2023-08-30 14:22:38'),
(667, 'admin', 'C2-2', 71155, '2023-08-30 14:23:49'),
(668, 'admin', 'C2-2', 87145, '2023-08-30 14:25:17'),
(669, 'admin', 'C2-2', 33651, '2023-08-30 14:25:51'),
(670, 'admin', 'C2-2', 28431, '2023-08-30 14:26:19'),
(671, 'admin', 'C2-2', 51944, '2023-08-30 14:27:11'),
(672, 'admin', 'C2-2', 12415, '2023-08-30 14:27:24'),
(673, 'admin', 'C2-2', 7263, '2023-08-30 14:27:31'),
(674, 'admin', 'C2-2', 10017, '2023-08-30 14:27:41'),
(675, 'admin', 'C2-2', 16004, '2023-08-30 14:27:57'),
(676, 'admin', 'C2-2', 53809, '2023-08-30 14:28:51'),
(677, 'admin', 'C2-2', 14821, '2023-08-30 14:29:06'),
(678, 'admin', 'C2-2', 68812, '2023-08-30 14:30:15'),
(679, 'admin', 'C2-2', 33599, '2023-08-30 14:30:49'),
(680, 'admin', 'C2-2', 37354, '2023-08-30 14:31:26'),
(681, 'admin', 'C2-2', 19986, '2023-08-30 14:31:46'),
(682, 'admin', 'C2-2', 25428, '2023-08-30 14:32:12'),
(683, 'admin', 'C2-2', 46472, '2023-08-30 14:32:59'),
(684, 'admin', 'C2-2', 47516, '2023-08-30 14:33:46'),
(685, 'admin', 'C2-2', 16812, '2023-08-30 14:34:03'),
(686, 'admin', 'C2-2', 24169, '2023-08-30 14:34:28'),
(687, 'admin', 'C2-2', 50676, '2023-08-30 14:35:18'),
(688, 'admin', 'C2-2', 58205, '2023-08-30 14:36:17'),
(689, 'admin', 'C2-2', 30792, '2023-08-30 14:36:48'),
(690, 'admin', 'C2-2', 44067, '2023-08-30 14:37:32'),
(691, 'admin', 'C2-2', 78651, '2023-08-30 14:39:08'),
(692, 'admin', 'C2-2', 109496, '2023-08-30 14:40:59'),
(693, 'admin', 'C2-2', 56577, '2023-08-30 14:41:56'),
(694, 'admin', 'C2-2', 2471035, '2023-08-30 15:23:09'),
(695, 'admin', 'C2-2', 11513, '2023-08-30 15:23:22'),
(696, 'admin', 'C2-2', 8512, '2023-08-30 15:23:32'),
(697, 'admin', 'C2-2', 7863, '2023-08-30 15:23:41'),
(698, 'admin', 'C2-2', 6482, '2023-08-30 15:23:48'),
(699, 'admin', 'C2-2', 7303, '2023-08-30 15:23:56'),
(700, 'admin', 'C2-2', 27332, '2023-08-30 15:24:24'),
(701, 'admin', 'C2-2', 72518, '2023-08-30 15:25:38'),
(702, 'admin', 'C2-2', 17150, '2023-08-30 15:25:56'),
(703, 'admin', 'C2-2', 9607, '2023-08-30 15:26:07'),
(704, 'admin', 'C2-2', 18661, '2023-08-30 15:26:26'),
(705, 'admin', 'C2-2', 21111, '2023-08-30 15:26:53'),
(706, 'admin', 'C2-2', 10696, '2023-08-30 15:27:05'),
(707, 'admin', 'C2-2', 9685, '2023-08-30 15:27:16'),
(708, 'admin', 'C2-2', 56131, '2023-08-30 15:28:13'),
(709, 'admin', 'C2-2', 25506, '2023-08-30 15:28:39'),
(710, 'admin', 'C2-2', 46450, '2023-08-30 15:29:27'),
(711, 'admin', 'C2-2', 66958, '2023-08-30 15:30:34'),
(712, 'admin', 'C2-2', 6175, '2023-08-30 15:30:42'),
(713, 'admin', 'C2-2', 38277, '2023-08-30 15:31:21'),
(714, 'admin', 'C2-2', 60130, '2023-08-30 15:32:22'),
(715, 'admin', 'C2-2', 4365016, '2023-08-30 15:50:17'),
(716, 'admin', 'C2-2', 3372714, '2023-08-30 16:28:35'),
(717, 'admin', 'C2-2', 102044, '2023-08-31 14:39:30'),
(718, 'admin', 'C2-2', 40321, '2023-08-31 14:40:11'),
(719, 'admin', 'C2-2', 57548, '2023-08-31 14:42:59'),
(720, 'admin', 'C2-2', 15391, '2023-08-31 14:43:15'),
(721, 'admin', 'C2-2', 45161, '2023-08-31 14:44:06'),
(722, 'admin', 'C2-3', 12390, '2023-08-31 14:44:20'),
(723, 'admin', 'C2-1', 3970, '2023-08-31 14:44:25'),
(724, 'admin', 'C2-2', 16360, '2023-08-31 14:44:42'),
(725, 'admin', 'C2-2', 43025, '2023-08-31 14:45:26'),
(726, 'admin', 'C2-2', 20513, '2023-08-31 14:45:47'),
(727, 'admin', 'C2-2', 38126, '2023-08-31 14:46:26'),
(728, 'admin', 'C2-2', 7205, '2023-08-31 14:46:34'),
(729, 'admin', 'C2-2', 9666, '2023-08-31 14:46:49'),
(730, 'admin', 'C2-2', 10235, '2023-08-31 14:46:59'),
(731, 'admin', 'C2-2', 19346, '2023-08-31 14:47:19'),
(732, 'admin', 'C2-2', 17053, '2023-08-31 14:47:36'),
(733, 'admin', 'C1-0', 29313, '2023-08-31 14:50:41'),
(734, 'admin', 'C2', 1962, '2023-08-31 14:50:44'),
(735, 'admin', 'C2-1', 39616, '2023-08-31 14:51:41'),
(736, 'admin', 'C2-2', 46389, '2023-08-31 14:52:28'),
(737, 'admin', 'C2-3', 51066, '2023-08-31 14:53:20'),
(738, 'admin', 'C3-0', 13081, '2023-08-31 14:53:34'),
(739, 'admin', 'C2-2', 808200, '2023-08-31 14:53:49'),
(740, 'admin', 'C3-1', 329763, '2023-08-31 14:59:05'),
(741, 'admin', 'C2-2', 548098, '2023-08-31 15:08:14'),
(742, 'admin', 'C2-2', 17995, '2023-08-31 15:08:33'),
(743, 'admin', 'C2-2', 126149, '2023-08-31 15:10:47'),
(744, 'admin', 'C2-2', 353406, '2023-08-31 15:16:41'),
(745, 'admin', 'C2-2', 25648, '2023-08-31 15:17:07'),
(746, 'admin', 'C2-2', 96691, '2023-08-31 15:18:44'),
(747, 'admin', 'C2-2', 13825, '2023-08-31 15:18:58'),
(748, 'admin', 'C2-2', 25409, '2023-08-31 15:19:24'),
(749, 'admin', 'C2-2', 30553, '2023-08-31 15:19:55'),
(750, 'admin', 'C2-2', 9246, '2023-08-31 15:20:05'),
(751, 'admin', 'C2-2', 13459, '2023-08-31 15:20:19'),
(752, 'admin', 'C2-2', 7198, '2023-08-31 15:20:26'),
(753, 'admin', 'C2-2', 9731, '2023-08-31 15:20:36'),
(754, 'admin', 'C2-2', 66110, '2023-08-31 15:21:43'),
(755, 'admin', 'C2-2', 107585, '2023-08-31 15:23:31'),
(756, 'admin', 'C2-2', 26255, '2023-08-31 15:23:57'),
(757, 'admin', 'C2-2', 106828, '2023-08-31 15:25:49'),
(758, 'admin', 'C2-2', 105404, '2023-08-31 15:27:35'),
(759, 'admin', 'C2-2', 24142, '2023-08-31 15:28:00'),
(760, 'admin', 'C2-2', 587926, '2023-08-31 15:37:49'),
(761, 'admin', 'C2-2', 23527, '2023-08-31 15:38:14'),
(762, 'admin', 'C2-2', 403573, '2023-08-31 15:44:58'),
(763, 'admin', 'C2-2', 11031, '2023-08-31 15:45:09'),
(764, 'admin', 'C2-2', 51804, '2023-08-31 15:46:01'),
(765, 'admin', 'C2-2', 57928, '2023-08-31 15:46:59'),
(766, 'admin', 'C2-2', 68563, '2023-08-31 15:47:10'),
(767, 'admin', 'C2', 789, '2023-08-31 16:10:30'),
(768, 'admin', 'C2-2', 336111, '2023-08-31 16:16:07'),
(769, 'admin', 'C2-2', 18424, '2023-08-31 16:16:26'),
(770, 'admin', 'C2-2', 7711, '2023-08-31 16:16:40'),
(771, 'admin', 'C2-2', 34201, '2023-08-31 16:16:42'),
(772, 'admin', 'C2-2', 41528, '2023-08-31 16:17:39'),
(773, 'admin', 'C2', 538, '2023-09-01 16:05:43'),
(774, 'admin', 'C2-2', 8196, '2023-09-01 16:05:53'),
(775, 'admin', 'C2-2', 4243, '2023-09-01 16:05:58'),
(776, 'admin', 'C2-2', 7587, '2023-09-01 16:06:07'),
(777, 'admin', 'C2-3', 1717, '2023-09-01 16:06:10'),
(778, 'admin', 'C2-1', 525958, '2023-09-01 16:14:57'),
(779, 'admin', 'C2-1', 920649, '2023-09-01 16:30:18'),
(780, 'admin', 'C1-0', 2278, '2023-09-04 22:02:57'),
(781, 'admin', 'C2-1', 49660, '2023-09-04 22:03:49'),
(782, 'admin', 'C2-1', 56406, '2023-09-04 22:03:55'),
(783, 'admin', 'C2-2', 56779, '2023-09-04 22:04:53'),
(784, 'admin', 'C2-3', 10403, '2023-09-04 22:05:05'),
(785, 'admin', 'C2-2', 47948, '2023-09-04 22:05:54'),
(786, 'admin', 'C2-3', 100043, '2023-09-04 22:07:35'),
(787, 'admin', 'C2-3', 16663, '2023-09-04 22:07:52'),
(788, 'admin', 'C3-0', 2809, '2023-09-04 22:07:55'),
(789, 'admin', 'C4-0', 2068, '2023-09-04 22:07:58'),
(790, 'admin', 'C3-1', 4408, '2023-09-04 22:08:04'),
(791, 'admin', 'C2-2', 6588, '2023-09-04 22:08:11'),
(792, 'admin', 'C2-2', 66503, '2023-09-04 22:09:19'),
(793, 'admin', 'C2-3', 2950, '2023-09-04 22:09:23'),
(794, 'admin', 'C2-2', 102412, '2023-09-04 22:11:06'),
(795, 'admin', 'C2-2', 59866, '2023-09-04 22:12:08'),
(796, 'admin', 'C3-2', 1407, '2023-09-04 22:13:00'),
(797, 'admin', 'C2-2', 84760, '2023-09-04 22:14:26'),
(798, 'admin', 'C4-1', 41242, '2023-09-04 22:15:09'),
(799, 'admin', 'C2-1', 68045, '2023-09-04 22:16:18'),
(800, 'admin', 'C3-2', 2759, '2023-09-04 22:16:21'),
(801, 'admin', 'C3-2', 5244, '2023-09-04 22:16:24'),
(802, 'admin', 'C4-0', 98305, '2023-09-04 22:18:03'),
(803, 'admin', 'C3-0', 5754, '2023-09-04 22:18:10');

--
-- 已傾印資料表的索引
--

--
-- 資料表索引 `account`
--
ALTER TABLE `account`
  ADD PRIMARY KEY (`Account`(999));

--
-- 資料表索引 `actionrecord`
--
ALTER TABLE `actionrecord`
  ADD PRIMARY KEY (`_ID`);

--
-- 資料表索引 `ansrecord`
--
ALTER TABLE `ansrecord`
  ADD PRIMARY KEY (`_ID`);

--
-- 資料表索引 `visitrecord`
--
ALTER TABLE `visitrecord`
  ADD PRIMARY KEY (`_ID`);

--
-- 在傾印的資料表使用自動遞增(AUTO_INCREMENT)
--

--
-- 使用資料表自動遞增(AUTO_INCREMENT) `actionrecord`
--
ALTER TABLE `actionrecord`
  MODIFY `_ID` int(11) NOT NULL AUTO_INCREMENT, AUTO_INCREMENT=1014;

--
-- 使用資料表自動遞增(AUTO_INCREMENT) `ansrecord`
--
ALTER TABLE `ansrecord`
  MODIFY `_ID` int(11) NOT NULL AUTO_INCREMENT, AUTO_INCREMENT=8;

--
-- 使用資料表自動遞增(AUTO_INCREMENT) `visitrecord`
--
ALTER TABLE `visitrecord`
  MODIFY `_ID` int(11) NOT NULL AUTO_INCREMENT, AUTO_INCREMENT=804;
COMMIT;

/*!40101 SET CHARACTER_SET_CLIENT=@OLD_CHARACTER_SET_CLIENT */;
/*!40101 SET CHARACTER_SET_RESULTS=@OLD_CHARACTER_SET_RESULTS */;
/*!40101 SET COLLATION_CONNECTION=@OLD_COLLATION_CONNECTION */;
