-- phpMyAdmin SQL Dump
-- version 5.1.1
-- https://www.phpmyadmin.net/
--
-- 主機： 127.0.0.1
-- 產生時間： 2023-08-21 23:03:54
-- 伺服器版本： 10.4.22-MariaDB
-- PHP 版本： 8.0.13

SET SQL_MODE = "NO_AUTO_VALUE_ON_ZERO";
START TRANSACTION;
SET time_zone = "+00:00";


/*!40101 SET @OLD_CHARACTER_SET_CLIENT=@@CHARACTER_SET_CLIENT */;
/*!40101 SET @OLD_CHARACTER_SET_RESULTS=@@CHARACTER_SET_RESULTS */;
/*!40101 SET @OLD_COLLATION_CONNECTION=@@COLLATION_CONNECTION */;
/*!40101 SET NAMES utf8mb4 */;

--
-- 資料庫: `telic-lab`
--

-- --------------------------------------------------------

--
-- 資料表結構 `account`
--

CREATE TABLE `account` (
  `Account` text COLLATE utf8_bin NOT NULL,
  `studentID` text COLLATE utf8_bin NOT NULL,
  `Name` text COLLATE utf8_bin NOT NULL,
  `Password` text COLLATE utf8_bin NOT NULL,
  `Verify` text COLLATE utf8_bin NOT NULL,
  `Notice` text COLLATE utf8_bin NOT NULL
) ENGINE=InnoDB DEFAULT CHARSET=utf8 COLLATE=utf8_bin;

--
-- 傾印資料表的資料 `account`
--

INSERT INTO `account` (`Account`, `studentID`, `Name`, `Password`, `Verify`, `Notice`) VALUES
('admin', 'admin', 'admin', '4fba759fc8ca94b3cd98a4bcdab630d0', 'T', ''),
('student', 'student', 'student', '77bedb59d76eab61087c3ec0997da5ee', 'S', ''),
('user', 'user', 'user', '94a93c55f7a3dfc569ac445268c6567e', 'S', '');

-- --------------------------------------------------------

--
-- 資料表結構 `actionrecord`
--

CREATE TABLE `actionrecord` (
  `_ID` int(11) NOT NULL,
  `Account` text COLLATE utf8_bin NOT NULL,
  `Page` text COLLATE utf8_bin NOT NULL,
  `CodeMode` text COLLATE utf8_bin NOT NULL,
  `FlowOperation` text COLLATE utf8_bin NOT NULL,
  `Time` int(11) NOT NULL,
  `TimeStarp` datetime NOT NULL DEFAULT current_timestamp()
) ENGINE=InnoDB DEFAULT CHARSET=utf8 COLLATE=utf8_bin;

--
-- 傾印資料表的資料 `actionrecord`
--

INSERT INTO `actionrecord` (`_ID`, `Account`, `Page`, `CodeMode`, `FlowOperation`, `Time`, `TimeStarp`) VALUES
(1, 'student', 'C3-1', '程式範例', '程式視覺化', 4912, '2023-08-21 22:06:08'),
(2, 'student', 'C3-1', '程式範例', '程式視覺化', 1297, '2023-08-21 22:06:29'),
(3, 'student', 'C3-1', '程式模擬', '程式視覺化', 1470, '2023-08-21 22:06:31'),
(4, 'student', 'C3-1', '程式模擬', '程式流程圖', 967, '2023-08-21 22:06:32'),
(5, 'student', 'C3-1', '程式範例', '程式流程圖', 720, '2023-08-21 22:06:32'),
(6, 'student', 'C3-1', '程式範例', '程式視覺化', 683, '2023-08-21 22:06:33'),
(7, 'student', 'C3-1', '程式模擬', '程式視覺化', 14446, '2023-08-21 22:06:47'),
(8, 'student', 'C4-1', '程式範例', '程式視覺化', 13947, '2023-08-21 22:09:31'),
(9, 'admin', 'C3-1', '程式範例', '程式視覺化', 957, '2023-08-21 22:09:57'),
(10, 'admin', 'C3-1', '程式模擬', '程式視覺化', 302, '2023-08-21 22:09:57'),
(11, 'admin', 'C3-1', '程式範例', '程式視覺化', 1035, '2023-08-21 22:09:58'),
(12, 'admin', 'C3-1', '程式範例', '程式流程圖', 223, '2023-08-21 22:09:59'),
(13, 'admin', 'C3-1', '程式範例', '程式視覺化', 2488, '2023-08-21 22:10:01'),
(14, 'admin', 'C2-1', '程式範例', '程式視覺化', 45773, '2023-08-21 22:12:52'),
(15, 'admin', 'C2-2', '程式範例', '程式視覺化', 33664, '2023-08-21 22:13:26'),
(16, 'admin', 'C2-2', '程式範例', '程式視覺化', 2762, '2023-08-21 22:13:38'),
(17, 'admin', 'C2-2', '程式範例', '程式視覺化', 10813, '2023-08-21 22:13:50'),
(18, 'admin', 'C3-1', '程式範例', '程式視覺化', 67047, '2023-08-21 22:14:57'),
(19, 'admin', 'C3-1', '程式範例', '程式視覺化', 7204, '2023-08-21 22:15:05'),
(20, 'admin', 'C3-1', '程式範例', '程式視覺化', 79630, '2023-08-21 22:16:26'),
(21, 'admin', 'C3-1', '程式範例', '程式視覺化', 5012, '2023-08-21 22:16:32'),
(22, 'admin', 'C2-1', '程式範例', '程式視覺化', 10730, '2023-08-21 22:16:43'),
(23, 'admin', 'C3-1', '程式範例', '程式視覺化', 157437, '2023-08-21 22:19:21'),
(24, 'admin', 'C3-1', '程式範例', '程式流程圖', 80959, '2023-08-21 22:20:42'),
(25, 'admin', 'C3-1', '程式範例', '程式視覺化', 31336, '2023-08-21 22:21:14'),
(26, 'admin', 'C3-1', '程式範例', '程式視覺化', 65441, '2023-08-21 22:22:20'),
(27, 'admin', 'C3-1', '程式範例', '程式流程圖', 393, '2023-08-21 22:22:20'),
(28, 'admin', 'C3-1', '程式範例', '程式視覺化', 303, '2023-08-21 22:22:20'),
(29, 'admin', 'C3-1', '程式範例', '程式流程圖', 262, '2023-08-21 22:22:21'),
(30, 'admin', 'C3-1', '程式範例', '程式視覺化', 1191, '2023-08-21 22:22:22'),
(31, 'admin', 'C3-1', '程式模擬', '程式視覺化', 104531, '2023-08-21 22:24:06'),
(32, 'admin', 'C4-1', '程式範例', '程式視覺化', 92267, '2023-08-21 22:25:40'),
(33, 'admin', 'C4-1', '程式模擬', '程式視覺化', 1618, '2023-08-21 22:25:41'),
(34, 'admin', 'C4-1', '程式模擬', '程式流程圖', 6662, '2023-08-21 22:25:48'),
(35, 'admin', 'C3-1', '程式範例', '程式視覺化', 1460, '2023-08-21 22:25:51'),
(36, 'admin', 'C3-1', '程式模擬', '程式視覺化', 1676, '2023-08-21 22:25:52'),
(37, 'admin', 'C3-1', '程式模擬', '程式流程圖', 321083, '2023-08-21 22:31:13'),
(38, 'admin', 'C2-1', '程式範例', '程式視覺化', 979, '2023-08-21 22:31:15'),
(39, 'admin', 'C2-1', '程式範例', '程式流程圖', 2446, '2023-08-21 22:31:17'),
(40, 'admin', 'C2-1', '程式模擬', '程式流程圖', 33766, '2023-08-21 22:31:51'),
(41, 'admin', 'C2-1', '程式範例', '程式視覺化', 1998, '2023-08-21 22:31:54'),
(42, 'admin', 'C2-1', '程式模擬', '程式視覺化', 1924, '2023-08-21 22:31:56'),
(43, 'admin', 'C2-1', '程式模擬', '程式流程圖', 388, '2023-08-21 22:31:56'),
(44, 'admin', 'C2-1', '程式模擬', '程式視覺化', 97613, '2023-08-21 22:33:34'),
(45, 'admin', 'C2-2', '程式範例', '程式視覺化', 1215891, '2023-08-21 22:33:44'),
(46, 'admin', 'C2-1', '程式範例', '程式視覺化', 952, '2023-08-21 22:33:51'),
(47, 'admin', 'C2-1', '程式模擬', '程式視覺化', 2389, '2023-08-21 22:33:53'),
(48, 'admin', 'C2-1', '程式範例', '程式視覺化', 41682, '2023-08-21 22:34:35'),
(49, 'admin', 'C2-1', '程式範例', '程式流程圖', 1276, '2023-08-21 22:34:36'),
(50, 'admin', 'C3-1', '程式範例', '程式視覺化', 487, '2023-08-21 22:34:38'),
(51, 'admin', 'C3-1', '程式範例', '程式流程圖', 324533, '2023-08-21 22:40:02'),
(52, 'admin', 'C2-1', '程式範例', '程式視覺化', 1181, '2023-08-21 22:40:04'),
(53, 'admin', 'C2-1', '程式範例', '程式視覺化', 764, '2023-08-21 22:40:05'),
(54, 'admin', 'C2-1', '程式範例', '程式流程圖', 3775, '2023-08-21 22:40:09'),
(55, 'admin', 'C2-1', '程式模擬', '程式流程圖', 187820, '2023-08-21 22:43:17'),
(56, 'admin', 'C2-1', '程式範例', '程式視覺化', 507, '2023-08-21 22:43:18'),
(57, 'admin', 'C2-1', '程式範例', '程式流程圖', 963, '2023-08-21 22:43:19'),
(58, 'admin', 'C2-1', '程式模擬', '程式流程圖', 1520, '2023-08-21 22:43:21'),
(59, 'admin', 'C2-1', '程式範例', '程式流程圖', 3402, '2023-08-21 22:43:24'),
(60, 'admin', 'C2-1', '程式模擬', '程式流程圖', 34421, '2023-08-21 22:43:58'),
(61, 'admin', 'C2-1', '程式範例', '程式視覺化', 889, '2023-08-21 22:44:00'),
(62, 'admin', 'C2-1', '程式模擬', '程式視覺化', 4242, '2023-08-21 22:44:04'),
(63, 'admin', 'C2-1', '程式範例', '程式視覺化', 1048, '2023-08-21 22:44:13'),
(64, 'admin', 'C2-1', '程式模擬', '程式視覺化', 1702, '2023-08-21 22:44:15'),
(65, 'admin', 'C2-1', '程式模擬', '程式流程圖', 36689, '2023-08-21 22:44:51'),
(66, 'admin', 'C2-1', '程式範例', '程式視覺化', 1065, '2023-08-21 22:44:53'),
(67, 'admin', 'C2-1', '程式模擬', '程式視覺化', 36038, '2023-08-21 22:45:29'),
(68, 'admin', 'C2-1', '程式範例', '程式視覺化', 738, '2023-08-21 22:45:30'),
(69, 'admin', 'C2-1', '程式模擬', '程式視覺化', 14591, '2023-08-21 22:45:45'),
(70, 'admin', 'C2-1', '程式模擬', '程式流程圖', 6618, '2023-08-21 22:45:51'),
(71, 'admin', 'C2-1', '程式範例', '程式流程圖', 418, '2023-08-21 22:45:52'),
(72, 'admin', 'C2-1', '程式模擬', '程式流程圖', 1644, '2023-08-21 22:45:53'),
(73, 'admin', 'C2-1', '程式範例', '程式流程圖', 3975, '2023-08-21 22:45:57'),
(74, 'admin', 'C2-1', '程式模擬', '程式流程圖', 12643, '2023-08-21 22:46:10'),
(75, 'admin', 'C2-1', '程式模擬', '程式視覺化', 19458, '2023-08-21 22:46:29'),
(76, 'admin', 'C2-1', '程式範例', '程式視覺化', 835, '2023-08-21 22:46:30'),
(77, 'admin', 'C2-1', '程式模擬', '程式視覺化', 109322, '2023-08-21 22:48:20'),
(78, 'admin', 'C2-1', '程式模擬', '程式視覺化', 3943, '2023-08-21 22:48:24'),
(79, 'admin', 'C2-1', '程式模擬', '程式流程圖', 514, '2023-08-21 22:48:24'),
(80, 'admin', 'C2-1', '程式模擬', '程式視覺化', 9337, '2023-08-21 22:48:34'),
(81, 'admin', 'C2-1', '程式範例', '程式視覺化', 396, '2023-08-21 22:48:34'),
(82, 'admin', 'C2-1', '程式範例', '程式流程圖', 761, '2023-08-21 22:48:35'),
(83, 'admin', 'C2-1', '程式模擬', '程式流程圖', 2727, '2023-08-21 22:48:38'),
(84, 'admin', 'C2-1', '程式範例', '程式流程圖', 7778, '2023-08-21 22:48:46'),
(85, 'admin', 'C2-1', '程式範例', '程式流程圖', 1747, '2023-08-21 22:48:47'),
(86, 'admin', 'C2-1', '程式範例', '程式視覺化', 1417, '2023-08-21 22:48:50'),
(87, 'admin', 'C4-1', '程式範例', '程式視覺化', 1752, '2023-08-21 22:48:53'),
(88, 'admin', 'C4-1', '程式範例', '程式流程圖', 61222, '2023-08-21 22:49:54'),
(89, 'admin', 'C4-1', '程式範例', '程式視覺化', 845, '2023-08-21 22:49:55'),
(90, 'admin', 'C4-1', '程式範例', '程式流程圖', 66425, '2023-08-21 22:51:02'),
(91, 'admin', 'C3-1', '程式範例', '程式視覺化', 5253, '2023-08-21 22:51:15'),
(92, 'admin', 'C3-1', '程式範例', '程式流程圖', 66576, '2023-08-21 22:52:22'),
(93, 'admin', 'C3-1', '程式範例', '程式視覺化', 755, '2023-08-21 22:52:23'),
(94, 'admin', 'C3-1', '程式範例', '程式流程圖', 6375, '2023-08-21 22:52:29'),
(95, 'admin', 'C3-1', '程式範例', '程式視覺化', 21428, '2023-08-21 22:52:51'),
(96, 'admin', 'C3-1', '程式範例', '程式視覺化', 5454, '2023-08-21 22:52:56'),
(97, 'admin', 'C3-1', '程式模擬', '程式視覺化', 49249, '2023-08-21 22:53:46'),
(98, 'admin', 'C3-1', '程式範例', '程式視覺化', 856, '2023-08-21 22:53:47'),
(99, 'admin', 'C3-1', '程式模擬', '程式視覺化', 9316, '2023-08-21 22:53:56'),
(100, 'admin', 'C3-1', '程式範例', '程式視覺化', 705, '2023-08-21 22:54:05'),
(101, 'admin', 'C3-1', '程式模擬', '程式視覺化', 16485, '2023-08-21 22:54:21'),
(102, 'admin', 'C3-1', '程式範例', '程式視覺化', 313, '2023-08-21 22:54:22'),
(103, 'admin', 'C3-1', '程式模擬', '程式視覺化', 31203, '2023-08-21 22:54:53'),
(104, 'admin', 'C3-1', '程式範例', '程式視覺化', 1095, '2023-08-21 22:54:54'),
(105, 'admin', 'C3-1', '程式模擬', '程式視覺化', 1373, '2023-08-21 22:54:56'),
(106, 'admin', 'C3-1', '程式模擬', '程式流程圖', 21909, '2023-08-21 22:55:18'),
(107, 'admin', 'C3-1', '程式模擬', '程式流程圖', 1426, '2023-08-21 22:55:19'),
(108, 'admin', 'C4-1', '程式範例', '程式視覺化', 1032, '2023-08-21 22:55:21'),
(109, 'admin', 'C4-1', '程式範例', '程式流程圖', 5335, '2023-08-21 22:55:26'),
(110, 'admin', 'C4-1', '程式模擬', '程式流程圖', 37759, '2023-08-21 22:56:04'),
(111, 'admin', 'C4-1', '程式範例', '程式視覺化', 761, '2023-08-21 22:56:05'),
(112, 'admin', 'C4-1', '程式範例', '程式流程圖', 570, '2023-08-21 22:56:06'),
(113, 'admin', 'C4-1', '程式模擬', '程式流程圖', 28302, '2023-08-21 22:56:34'),
(114, 'admin', 'C4-1', '程式範例', '程式視覺化', 565, '2023-08-21 22:56:35'),
(115, 'admin', 'C4-1', '程式模擬', '程式視覺化', 2133, '2023-08-21 22:56:37'),
(116, 'admin', 'C4-1', '程式範例', '程式視覺化', 647, '2023-08-21 22:56:46'),
(117, 'admin', 'C4-1', '程式模擬', '程式視覺化', 2572, '2023-08-21 22:56:49'),
(118, 'admin', 'C4-1', '程式模擬', '程式流程圖', 35897, '2023-08-21 22:57:25'),
(119, 'admin', 'C4-1', '程式模擬', '程式流程圖', 3258, '2023-08-21 22:57:28'),
(120, 'admin', 'C4-1', '程式模擬', '程式視覺化', 810, '2023-08-21 22:57:29'),
(121, 'admin', 'C4-1', '程式範例', '程式視覺化', 2986, '2023-08-21 22:57:32'),
(122, 'admin', 'C2-1', '程式範例', '程式視覺化', 602, '2023-08-21 22:57:33'),
(123, 'admin', 'C2-1', '程式模擬', '程式視覺化', 497, '2023-08-21 22:57:34'),
(124, 'admin', 'C2-1', '程式範例', '程式視覺化', 9596, '2023-08-21 22:57:43'),
(125, 'admin', 'C2-1', '程式範例', '程式流程圖', 1423, '2023-08-21 22:57:45'),
(126, 'admin', 'C2-1', '程式模擬', '程式流程圖', 6551, '2023-08-21 22:57:51'),
(127, 'admin', 'C2-1', '程式範例', '程式流程圖', 48741, '2023-08-21 22:58:40'),
(128, 'admin', 'C2-1', '程式範例', '程式視覺化', 16868, '2023-08-21 22:58:58'),
(129, 'admin', 'C2-1', '程式範例', '程式視覺化', 22687, '2023-08-21 22:59:21'),
(130, 'admin', 'C2-1', '程式範例', '程式視覺化', 3996, '2023-08-21 22:59:25'),
(131, 'admin', 'C2-1', '程式模擬', '程式視覺化', 2576, '2023-08-21 22:59:27'),
(132, 'admin', 'C2-1', '程式模擬', '程式流程圖', 62628, '2023-08-21 23:00:30');

-- --------------------------------------------------------

--
-- 資料表結構 `ansrecord`
--

CREATE TABLE `ansrecord` (
  `_ID` int(11) NOT NULL,
  `Account` text COLLATE utf8_bin NOT NULL,
  `Page` text COLLATE utf8_bin NOT NULL,
  `ans` text COLLATE utf8_bin NOT NULL,
  `TimeStarp` datetime NOT NULL DEFAULT current_timestamp()
) ENGINE=InnoDB DEFAULT CHARSET=utf8 COLLATE=utf8_bin;

--
-- 傾印資料表的資料 `ansrecord`
--

INSERT INTO `ansrecord` (`_ID`, `Account`, `Page`, `ans`, `TimeStarp`) VALUES
(1, 'student', 'C1-0', '中文回答的答案', '2023-08-21 22:07:38'),
(2, 'student', 'C4-0', '迴圈好棒', '2023-08-21 22:09:14');

-- --------------------------------------------------------

--
-- 資料表結構 `visitrecord`
--

CREATE TABLE `visitrecord` (
  `_ID` int(11) NOT NULL,
  `Account` text COLLATE utf8_bin NOT NULL,
  `Page` text COLLATE utf8_bin NOT NULL,
  `Time` int(11) NOT NULL,
  `TimeStarp` datetime NOT NULL DEFAULT current_timestamp()
) ENGINE=InnoDB DEFAULT CHARSET=utf8 COLLATE=utf8_bin;

--
-- 傾印資料表的資料 `visitrecord`
--

INSERT INTO `visitrecord` (`_ID`, `Account`, `Page`, `Time`, `TimeStarp`) VALUES
(1, 'student', 'C3-1', 4912, '2023-08-21 22:06:08'),
(2, 'student', 'C3-1', 19585, '2023-08-21 22:06:47'),
(3, 'student', 'C1-0', 29019, '2023-08-21 22:07:44'),
(4, 'student', 'C2', 16139, '2023-08-21 22:08:01'),
(5, 'student', 'C4-0', 73753, '2023-08-21 22:09:16'),
(6, 'student', 'C4-1', 13947, '2023-08-21 22:09:31'),
(7, 'admin', 'C3-1', 5005, '2023-08-21 22:10:01'),
(8, 'admin', 'C4-0', 1442, '2023-08-21 22:10:03'),
(9, 'admin', 'C1-0', 1136, '2023-08-21 22:10:05'),
(10, 'admin', 'C2-1', 45773, '2023-08-21 22:12:52'),
(11, 'admin', 'C2-2', 33664, '2023-08-21 22:13:26'),
(12, 'admin', 'C2-2', 2762, '2023-08-21 22:13:38'),
(13, 'admin', 'C2-2', 10813, '2023-08-21 22:13:49'),
(14, 'admin', 'C3-1', 67047, '2023-08-21 22:14:57'),
(15, 'admin', 'C3-1', 7204, '2023-08-21 22:15:05'),
(16, 'admin', 'C3-1', 79630, '2023-08-21 22:16:26'),
(17, 'admin', 'C3-1', 5012, '2023-08-21 22:16:32'),
(18, 'admin', 'C2-1', 10730, '2023-08-21 22:16:43'),
(19, 'admin', 'C3-1', 269733, '2023-08-21 22:21:13'),
(20, 'admin', 'C3-1', 172125, '2023-08-21 22:24:06'),
(21, 'admin', 'C4-1', 100547, '2023-08-21 22:25:48'),
(22, 'admin', 'C3-1', 324219, '2023-08-21 22:31:13'),
(23, 'admin', 'C2-1', 37192, '2023-08-21 22:31:51'),
(24, 'admin', 'C2-1', 101923, '2023-08-21 22:33:34'),
(25, 'admin', 'C2-2', 1215891, '2023-08-21 22:33:43'),
(26, 'admin', 'C2-1', 46301, '2023-08-21 22:34:36'),
(27, 'admin', 'C3-1', 325021, '2023-08-21 22:40:02'),
(28, 'admin', 'C2-1', 1181, '2023-08-21 22:40:04'),
(29, 'admin', 'C2-1', 192359, '2023-08-21 22:43:17'),
(30, 'admin', 'C2-1', 40815, '2023-08-21 22:43:58'),
(31, 'admin', 'C2-1', 5131, '2023-08-21 22:44:04'),
(32, 'admin', 'C2-1', 39439, '2023-08-21 22:44:51'),
(33, 'admin', 'C2-1', 37103, '2023-08-21 22:45:29'),
(34, 'admin', 'C2-1', 60085, '2023-08-21 22:46:29'),
(35, 'admin', 'C2-1', 110158, '2023-08-21 22:48:20'),
(36, 'admin', 'C2-1', 123952, '2023-08-21 22:48:34'),
(37, 'admin', 'C2-1', 11662, '2023-08-21 22:48:46'),
(38, 'admin', 'C2-1', 13410, '2023-08-21 22:48:47'),
(39, 'admin', 'C2-1', 1417, '2023-08-21 22:48:50'),
(40, 'admin', 'C4-1', 62974, '2023-08-21 22:49:54'),
(41, 'admin', 'C4-1', 67270, '2023-08-21 22:51:02'),
(42, 'admin', 'C3-1', 71830, '2023-08-21 22:52:22'),
(43, 'admin', 'C3-1', 28559, '2023-08-21 22:52:51'),
(44, 'admin', 'C3-1', 54703, '2023-08-21 22:53:46'),
(45, 'admin', 'C3-1', 10172, '2023-08-21 22:53:56'),
(46, 'admin', 'C3-1', 48707, '2023-08-21 22:54:53'),
(47, 'admin', 'C3-1', 24377, '2023-08-21 22:55:17'),
(48, 'admin', 'C3-1', 25803, '2023-08-21 22:55:19'),
(49, 'admin', 'C4-1', 44126, '2023-08-21 22:56:04'),
(50, 'admin', 'C4-1', 29634, '2023-08-21 22:56:34'),
(51, 'admin', 'C4-1', 2699, '2023-08-21 22:56:37'),
(52, 'admin', 'C4-0', 1021, '2023-08-21 22:56:45'),
(53, 'admin', 'C4-1', 39116, '2023-08-21 22:57:25'),
(54, 'admin', 'C4-1', 46172, '2023-08-21 22:57:32'),
(55, 'admin', 'C2-1', 67411, '2023-08-21 22:58:40'),
(56, 'admin', 'C2-1', 16868, '2023-08-21 22:58:58'),
(57, 'admin', 'C2-1', 22687, '2023-08-21 22:59:21'),
(58, 'admin', 'C2-1', 69201, '2023-08-21 23:00:30');

--
-- 已傾印資料表的索引
--

--
-- 資料表索引 `account`
--
ALTER TABLE `account`
  ADD PRIMARY KEY (`Account`(999));

--
-- 資料表索引 `actionrecord`
--
ALTER TABLE `actionrecord`
  ADD PRIMARY KEY (`_ID`);

--
-- 資料表索引 `ansrecord`
--
ALTER TABLE `ansrecord`
  ADD PRIMARY KEY (`_ID`);

--
-- 資料表索引 `visitrecord`
--
ALTER TABLE `visitrecord`
  ADD PRIMARY KEY (`_ID`);

--
-- 在傾印的資料表使用自動遞增(AUTO_INCREMENT)
--

--
-- 使用資料表自動遞增(AUTO_INCREMENT) `actionrecord`
--
ALTER TABLE `actionrecord`
  MODIFY `_ID` int(11) NOT NULL AUTO_INCREMENT, AUTO_INCREMENT=133;

--
-- 使用資料表自動遞增(AUTO_INCREMENT) `ansrecord`
--
ALTER TABLE `ansrecord`
  MODIFY `_ID` int(11) NOT NULL AUTO_INCREMENT, AUTO_INCREMENT=3;

--
-- 使用資料表自動遞增(AUTO_INCREMENT) `visitrecord`
--
ALTER TABLE `visitrecord`
  MODIFY `_ID` int(11) NOT NULL AUTO_INCREMENT, AUTO_INCREMENT=59;
COMMIT;

/*!40101 SET CHARACTER_SET_CLIENT=@OLD_CHARACTER_SET_CLIENT */;
/*!40101 SET CHARACTER_SET_RESULTS=@OLD_CHARACTER_SET_RESULTS */;
/*!40101 SET COLLATION_CONNECTION=@OLD_COLLATION_CONNECTION */;
